,race_id,date,track,dist,grade,place,dog_id,box,split_times,split_margins,run_time,weigth,margin,place_adj
394,1978170000,01 Feb 16,Ballarat,545m,Tier 3 - Restricted Win,4.0,219770019,1,7.08,0.28,31.94,31.7,3.13,0.25
285,386961898,01 Dec 18,Ballarat,450m,S/E Heat,2.0,135412287,1,6.63,0.00,25.39,31.5,2.87,0.5
292,386961897,01 Dec 18,Ballarat,450m,S/E Heat,1.0,196453623,1,6.44,0.00,25.24,30.4,0.74,1.0
303,386961899,01 Dec 18,Ballarat,545m,Grade 5,4.0,1619850050,1,6.80,0.00,31.56,37.0,2.49,0.25
311,386961894,01 Dec 18,Ballarat,450m,S/E Heat,4.0,163484324,1,6.67,0.18,25.63,25.0,9.67,0.25
318,386961892,01 Dec 18,Ballarat,450m,S/E Heat,4.0,122725469,1,6.64,0.18,25.51,32.5,6.80,0.25
324,386961895,01 Dec 18,Ballarat,450m,S/E Heat,2.0,137471396,1,6.62,0.21,25.14,29.5,2.49,0.5
335,386961893,01 Dec 18,Ballarat,450m,S/E Heat,5.0,109835234,1,6.69,0.18,25.80,30.9,9.17,0.2
338,386961896,01 Dec 18,Ballarat,450m,S/E Heat,1.0,115173099,1,6.54,0.01,25.11,38.8,2.53,1.0
279,386961888,01 Dec 18,Ballarat,450m,Restricted Win,4.0,214384916,1,6.70,0.05,26.16,35.8,4.29,0.25
348,386961891,01 Dec 18,Ballarat,450m,S/E Heat,4.0,1460060042,1,6.58,0.00,25.80,36.0,5.59,0.25
365,386961889,01 Dec 18,Ballarat,390m,Mixed 4/5,6.0,1510100008,1,8.67,0.31,22.51,33.9,3.17,0.16666666666666666
371,1978170003,01 Feb 16,Ballarat,390m,Tier 3 - Maiden,4.0,790680084,1,8.69,0.25,23.16,32.5,6.32,0.25
377,1978170009,01 Feb 16,Ballarat,450m,Tier 3 - Maiden,3.0,431590001,1,6.84,0.19,25.75,32.6,4.16,0.3333333333333333
384,1978170004,01 Feb 16,Ballarat,390m,Tier 3 - Maiden,2.0,666140045,1,8.40,0.00,22.71,30.9,0.05,0.5
399,1978170006,01 Feb 16,Ballarat,450m,Grade 5 T3,1.0,677880013,1,6.69,0.00,25.58,34.4,3.75,1.0
411,1978170011,01 Feb 16,Ballarat,545m,Grade 5 T3,5.0,-734373,1,6.91,0.12,31.71,35.2,3.92,0.2
421,1978170001,01 Feb 16,Ballarat,390m,Grade 5 T3,7.0,-746892,1,8.81,0.35,22.87,28.9,6.00,0.14285714285714285
430,1978170007,01 Feb 16,Ballarat,390m,Tier 3 - Grade 7,2.0,881030050,1,8.48,0.13,22.52,30.1,2.29,0.5
355,386961890,01 Dec 18,Ballarat,450m,Mixed 4/5,4.0,1496820016,1,6.73,0.21,25.91,34.3,8.19,0.25
271,345438525,01 Aug 18,Ballarat,390m,Grade 5,4.0,1540980006,1,8.63,0.33,22.54,26.6,5.01,0.25
263,345438524,01 Aug 18,Ballarat,390m,Grade 5,4.0,1591690024,1,8.65,0.18,22.63,28.7,6.67,0.25
254,345438523,01 Aug 18,Ballarat,390m,Mixed 4/5,3.0,142641715,1,8.43,0.11,22.22,29.4,4.11,0.3333333333333333
107,139100152,01 Aug 16,Ballarat,450m,Tier 3 - Maiden,1.0,1250880001,1,6.79,0.00,26.03,35.0,3.16,1.0
122,139100155,01 Aug 16,Ballarat,545m,Tier 3 - Grade 7,8.0,497110007,1,7.14,0.25,32.49,28.7,6.54,0.125
123,139100150,01 Aug 16,Ballarat,450m,Tier 3 - Grade 6,1.0,999500008,1,7.21,0.46,26.20,34.5,1.20,1.0
131,139100153,01 Aug 16,Ballarat,545m,Grade 5 T3,1.0,-751703,1,6.97,0.09,31.85,35.1,1.60,1.0
139,139100154,01 Aug 16,Ballarat,545m,Tier 3 - Grade 6,3.0,-751043,1,7.17,0.37,31.99,29.6,4.00,0.3333333333333333
147,139100149,01 Aug 16,Ballarat,450m,Grade 5 T3,4.0,-748908,1,7.00,0.21,26.21,30.7,4.37,0.25
154,139100151,01 Aug 16,Ballarat,450m,Tier 3 - Grade 7,4.0,259430003,1,6.79,0.00,26.48,26.4,7.09,0.25
159,139100147,01 Aug 16,Ballarat,390m,Tier 3 - Grade 7,1.0,1245880034,1,8.75,0.16,22.65,27.3,0.04,1.0
170,139100146,01 Aug 16,Ballarat,390m,Tier 3 - Grade 6,4.0,888610021,1,8.63,0.09,22.94,25.7,6.91,0.25
175,139100145,01 Aug 16,Ballarat,390m,Grade 5 T3,1.0,-729107,1,8.62,0.11,22.57,34.5,0.90,1.0
186,345438526,01 Aug 18,Ballarat,390m,Mixed 6/7,4.0,116082718,1,8.73,0.30,22.55,33.3,3.50,0.25
195,345438530,01 Aug 18,Ballarat,450m,Mixed 6/7,5.0,157830532,1,6.71,0.14,25.97,32.3,4.17,0.2
206,345438522,01 Aug 18,Ballarat,660m,Restricted Win,8.0,2145360034,1,13.22,0.44,39.20,35.0,17.89,0.125
209,344127988,01 Aug 18,Ballarat,450m,Maiden Final,3.0,222462540,1,6.74,0.13,25.50,31.3,4.14,0.3333333333333333
221,343237372,01 Aug 18,Ballarat,450m,Grade 5 Final,7.0,127028560,1,6.70,0.13,25.87,29.4,6.84,0.14285714285714285
226,345438527,01 Aug 18,Ballarat,450m,Mixed 4/5,4.0,120344210,1,6.58,0.00,25.40,33.0,2.00,0.25
231,345438528,01 Aug 18,Ballarat,450m,Grade 5,1.0,141326856,1,6.60,0.00,25.22,33.9,5.11,1.0
242,345438531,01 Aug 18,Ballarat,545m,Mixed 4/5,5.0,2145330001,1,6.76,0.00,31.52,35.2,7.51,0.2
246,345438529,01 Aug 18,Ballarat,450m,Grade 5,3.0,124927376,1,6.63,0.02,25.79,32.2,1.60,0.3333333333333333
440,1978170008,01 Feb 16,Ballarat,450m,Tier 3 - Grade 7,4.0,563440055,1,7.19,0.57,26.05,32.3,10.44,0.25
100,139100156,01 Aug 16,Ballarat,545m,Tier 3 - Maiden,2.0,940060040,1,7.13,0.26,32.10,33.4,1.51,0.5
450,1978170010,01 Feb 16,Ballarat,390m,Tier 3 - Grade 6,6.0,-722057,1,8.97,0.57,23.14,31.3,9.92,0.16666666666666666
468,193436621,01 Feb 17,Ballarat,450m,Maiden,8.0,1464560003,1,6.96,0.28,26.59,31.7,11.06,0.125
646,285201772,01 Jan 18,Ballarat,450m,Grade 6,2.0,2130570052,1,6.56,0.00,25.81,28.5,0.27,0.5
658,285201775,01 Jan 18,Ballarat,545m,Grade 5,7.0,1540940002,1,7.19,0.58,32.11,34.9,14.79,0.14285714285714285
660,285201770,01 Jan 18,Ballarat,450m,Grade 5,1.0,1460040065,1,6.61,0.00,25.55,32.1,2.46,1.0
670,285201776,01 Jan 18,Ballarat,545m,Grade 5,3.0,850590004,1,6.88,0.19,31.78,35.1,8.64,0.3333333333333333
682,285201769,01 Jan 18,Ballarat,450m,Mixed 4/5,7.0,2130570051,1,6.62,0.11,25.98,26.6,9.00,0.14285714285714285
684,285201765,01 Jan 18,Ballarat,390m,Mixed 6/7,2.0,129684856,1,8.52,0.00,22.83,30.0,1.49,0.5
691,285201768,01 Jan 18,Ballarat,390m,Grade 5,2.0,1663890051,1,8.61,0.27,22.36,34.1,2.90,0.5
700,285201766,01 Jan 18,Ballarat,390m,Mixed 4/5,3.0,1550070048,1,8.35,0.14,22.26,26.7,1.60,0.3333333333333333
642,285201773,01 Jan 18,Ballarat,450m,Grade 7,6.0,111193445,1,6.69,0.07,26.35,35.1,5.84,0.16666666666666666
706,285201767,01 Jan 18,Ballarat,390m,Grade 5,1.0,2009740004,1,8.49,0.12,22.16,31.0,2.56,1.0
723,513030525,01 Jan 20,Ballarat,450m,Maiden Heat,5.0,369301130,1,6.65,0.16,26.12,31.6,7.20,0.2
727,513030526,01 Jan 20,Ballarat,450m,Maiden Heat,1.0,322180595,1,6.76,0.21,25.60,28.4,0.63,1.0
737,513030528,01 Jan 20,Ballarat,390m,Grade 5,5.0,273935780,1,8.64,0.32,22.48,31.7,5.83,0.2
742,513030533,01 Jan 20,Ballarat,450m,Mixed 6/7,3.0,284812518,1,6.60,0.04,25.64,28.6,2.93,0.3333333333333333
751,513030534,01 Jan 20,Ballarat,545m,Mixed 4/5,6.0,231587256,1,6.69,0.00,31.74,26.8,9.03,0.16666666666666666
754,509334855,01 Jan 20,Ballarat,450m,Grade 5 Final,1.0,335463601,1,6.56,0.08,25.34,33.8,1.31,1.0
768,513030532,01 Jan 20,Ballarat,450m,Mixed 4/5,7.0,219045751,1,6.79,0.30,26.07,34.8,13.40,0.14285714285714285
776,513030527,01 Jan 20,Ballarat,450m,Restricted Win,2.0,339658976,1,6.67,0.00,26.34,27.2,3.71,0.5
716,513030531,01 Jan 20,Ballarat,390m,Maiden,3.0,341777698,1,8.87,0.29,22.95,27.0,1.56,0.3333333333333333
634,285201771,01 Jan 18,Ballarat,545m,Mixed 6/7,5.0,2056920037,1,6.85,0.14,32.17,25.4,9.07,0.2
627,285201774,01 Jan 18,Ballarat,450m,Maiden,6.0,114323192,1,6.76,0.07,27.53,34.1,19.94,0.16666666666666666
620,636819602,01 Feb 21,Ballarat,390m,Grade 5 T3,4.0,240988032,1,8.81,0.32,22.83,30.7,3.71,0.25
475,193436617,01 Feb 17,Ballarat,390m,Mixed 6/7,7.0,816580072,1,8.83,0.44,22.91,30.1,11.64,0.14285714285714285
482,193436620,01 Feb 17,Ballarat,450m,Mixed 6/7,6.0,1206210174,1,6.83,0.10,26.25,33.1,9.80,0.16666666666666666
488,192952203,01 Feb 17,Ballarat,450m,Mixed 6/7 Final,5.0,1594950002,1,6.72,0.16,25.56,31.9,7.74,0.2
495,193436612,01 Feb 17,Ballarat,450m,S/E Heat,4.0,1237400047,1,6.79,0.28,25.78,25.2,5.14,0.25
501,193436618,01 Feb 17,Ballarat,450m,Mixed 4/5,3.0,723810091,1,6.75,0.26,25.46,32.5,5.89,0.3333333333333333
509,193436619,01 Feb 17,Ballarat,450m,Grade 5,4.0,1073080035,1,6.73,0.18,25.75,37.6,7.44,0.25
519,193436622,01 Feb 17,Ballarat,545m,Mixed 4/5,6.0,1281000002,1,7.43,0.77,31.50,35.0,9.90,0.16666666666666666
528,193436616,01 Feb 17,Ballarat,390m,Mixed 4/5,7.0,209090054,1,8.60,0.26,22.78,32.0,9.59,0.14285714285714285
530,193436613,01 Feb 17,Ballarat,450m,S/E Heat,1.0,1206220134,1,6.69,0.00,25.64,25.9,2.76,1.0
539,193436614,01 Feb 17,Ballarat,450m,S/E Heat,4.0,1238530084,1,6.71,0.14,25.58,29.1,1.50,0.25
546,193436615,01 Feb 17,Ballarat,450m,S/E Heat,4.0,1362060083,1,6.66,0.07,25.77,24.1,4.50,0.25
552,636819603,01 Feb 21,Ballarat,390m,Tier 3 - Maiden,4.0,459177026,1,8.81,0.18,23.43,25.2,9.31,0.25
565,636819600,01 Feb 21,Ballarat,390m,Tier 3 - Restricted Win,6.0,406742361,1,8.76,0.30,22.96,34.9,6.70,0.16666666666666666
568,636819607,01 Feb 21,Ballarat,450m,Tier 3 - Grade 7,2.0,450198112,1,6.79,0.11,25.73,25.9,3.14,0.5
584,636819608,01 Feb 21,Ballarat,545m,Grade 5 T3,7.0,317053378,1,7.05,0.26,31.82,29.9,7.86,0.14285714285714285
592,636819606,01 Feb 21,Ballarat,450m,Grade 5 T3,2.0,328322837,1,6.68,0.04,25.66,32.9,2.64,0.5
599,636819599,01 Feb 21,Ballarat,390m,Tier 3 - Restricted Win,1.0,318735211,1,8.46,0.00,22.34,25.1,1.59,1.0
605,636819598,01 Feb 21,Ballarat,390m,Tier 3 - Restricted Win,3.0,322536292,1,8.60,0.14,22.64,28.2,6.23,0.3333333333333333
612,636819601,01 Feb 21,Ballarat,390m,Grade 5 T3,3.0,325813341,1,8.51,0.16,22.65,29.1,2.80,0.3333333333333333
454,1978170002,01 Feb 16,Ballarat,390m,Grade 5 T3,2.0,-747768,1,8.57,0.06,22.64,24.4,1.87,0.5
97,139100148,01 Aug 16,Ballarat,390m,Tier 3 - Maiden,7.0,426660000,1,8.81,0.26,23.22,32.6,8.30,0.14285714285714285
788,513030529,01 Jan 20,Ballarat,390m,Grade 5,8.0,118013579,1,8.90,0.54,22.94,28.4,10.51,0.125
13,422625072,01 Apr 19,Ballarat,450m,Maiden Aged Prize Money,6.0,214382428,1,6.91,0.18,26.69,34.3,14.37,0.16666666666666666
22,422625074,01 Apr 19,Ballarat,545m,Restricted Win Aged Prize Money,7.0,190934625,1,7.24,0.46,32.37,30.8,15.24,0.14285714285714285
73,422625065,01 Apr 19,Ballarat,390m,Grade 6 Aged Prize Money,5.0,2130570062,1,8.68,0.21,22.83,25.7,8.54,0.2
41,422625069,01 Apr 19,Ballarat,450m,Aged Prize Money,4.0,999420002,1,6.64,0.00,25.92,32.0,1.43,0.25
86,422625064,01 Apr 19,Ballarat,390m,Aged Prize Money,4.0,1950700056,1,8.70,0.23,22.69,31.1,3.57,0.25
34,422625071,01 Apr 19,Ballarat,450m,Grade 7 Aged Prize Money,4.0,194920068,1,6.82,0.13,26.20,25.2,7.17,0.25
66,422625067,01 Apr 19,Ballarat,390m,Grade 7 Aged Prize Money,5.0,156348082,1,8.61,0.00,23.11,23.9,7.04,0.2
53,422625070,01 Apr 19,Ballarat,450m,Grade 6 Aged Prize Money,8.0,1255170010,1,7.00,0.30,26.38,31.6,12.54,0.125
78,422625063,01 Apr 19,Ballarat,390m,Aged Prize Money,2.0,2099800026,1,8.71,0.26,22.79,32.3,6.27,0.5
61,422625073,01 Apr 19,Ballarat,545m,Restricted Win Aged Prize Money,8.0,1490820016,1,6.97,0.14,32.63,27.4,17.86,0.125
28,422625066,01 Apr 19,Ballarat,390m,Grade 7 Aged Prize Money,6.0,232719513,1,8.63,0.22,22.71,32.0,7.13,0.16666666666666666
2,422625068,01 Apr 19,Ballarat,390m,Maiden Aged Prize Money,3.0,240988046,1,8.86,0.14,23.13,25.1,1.71,0.3333333333333333
42,422625069,01 Apr 19,Ballarat,450m,Aged Prize Money,5.0,1837760001,2,6.71,0.07,26.01,36.3,2.61,0.2
679,285201769,01 Jan 18,Ballarat,450m,Mixed 4/5,4.0,946340027,2,6.77,0.26,25.86,34.5,7.39,0.25
288,386961898,01 Dec 18,Ballarat,450m,S/E Heat,5.0,197538304,2,6.68,0.05,25.60,27.5,5.87,0.2
192,345438530,01 Aug 18,Ballarat,450m,Mixed 6/7,2.0,148673291,2,6.72,0.15,25.72,35.9,0.64,0.5
62,422625067,01 Apr 19,Ballarat,390m,Grade 7 Aged Prize Money,1.0,127028553,2,8.69,0.08,22.61,28.4,3.09,1.0
641,285201773,01 Jan 18,Ballarat,450m,Grade 7,5.0,111766588,2,6.75,0.13,26.25,33.2,4.40,0.2
19,422625074,01 Apr 19,Ballarat,545m,Restricted Win Aged Prize Money,4.0,230054253,2,7.43,0.65,32.11,31.5,11.59,0.25
160,139100147,01 Aug 16,Ballarat,390m,Tier 3 - Grade 7,2.0,1137360012,2,8.59,0.00,22.65,27.2,0.04,0.5
483,193436620,01 Feb 17,Ballarat,450m,Mixed 6/7,7.0,1206210171,2,6.73,0.00,26.35,26.9,11.23,0.14285714285714285
185,345438526,01 Aug 18,Ballarat,390m,Mixed 6/7,3.0,191521797,2,8.62,0.19,22.38,33.5,1.07,0.3333333333333333
294,386961897,01 Dec 18,Ballarat,450m,S/E Heat,3.0,1493550015,2,6.77,0.33,25.39,31.9,2.14,0.3333333333333333
645,285201772,01 Jan 18,Ballarat,450m,Grade 6,1.0,110526617,2,6.63,0.07,25.79,27.7,0.27,1.0
674,285201776,01 Jan 18,Ballarat,545m,Grade 5,7.0,965860003,2,7.29,0.60,32.16,30.6,14.11,0.14285714285714285
469,193436617,01 Feb 17,Ballarat,390m,Mixed 6/7,1.0,1408490011,2,8.50,0.11,22.09,32.7,0.74,1.0
176,139100145,01 Aug 16,Ballarat,390m,Grade 5 T3,2.0,-723904,2,8.51,0.00,22.64,28.6,0.90,0.5
77,422625063,01 Apr 19,Ballarat,390m,Aged Prize Money,1.0,141898738,2,8.45,0.00,22.35,34.0,6.27,1.0
490,192952203,01 Feb 17,Ballarat,450m,Mixed 6/7 Final,7.0,1310540000,2,6.78,0.22,25.63,34.6,8.70,0.14285714285714285
465,193436621,01 Feb 17,Ballarat,450m,Maiden,5.0,1206220153,2,6.72,0.04,26.15,27.4,4.67,0.2
308,386961894,01 Dec 18,Ballarat,450m,S/E Heat,1.0,195110445,2,6.82,0.33,24.96,36.8,2.69,1.0
30,422625066,01 Apr 19,Ballarat,390m,Grade 7 Aged Prize Money,8.0,151439837,2,8.77,0.36,22.87,33.5,9.40,0.125
173,139100146,01 Aug 16,Ballarat,390m,Tier 3 - Grade 6,7.0,-722057,2,9.00,0.46,23.37,30.9,13.19,0.14285714285714285
304,386961899,01 Dec 18,Ballarat,545m,Grade 5,5.0,109766101,2,6.96,0.16,31.57,34.5,2.60,0.2
661,285201770,01 Jan 18,Ballarat,450m,Grade 5,2.0,1028790007,2,6.61,0.00,25.73,33.7,2.46,0.5
652,285201775,01 Jan 18,Ballarat,545m,Grade 5,1.0,1622090074,2,6.61,0.00,31.07,26.8,3.64,1.0
75,422625065,01 Apr 19,Ballarat,390m,Grade 6 Aged Prize Money,7.0,1328610007,2,8.86,0.39,23.04,26.5,11.44,0.14285714285714285
90,422625064,01 Apr 19,Ballarat,390m,Aged Prize Money,8.0,1441310016,2,8.84,0.37,23.16,30.4,10.23,0.125
493,193436612,01 Feb 17,Ballarat,450m,S/E Heat,2.0,1389280121,2,6.81,0.30,25.61,28.7,2.79,0.5
550,636819603,01 Feb 21,Ballarat,390m,Tier 3 - Maiden,2.0,445017832,2,8.77,0.14,22.95,30.8,2.50,0.5
243,345438531,01 Aug 18,Ballarat,545m,Mixed 4/5,6.0,120344212,2,7.01,0.25,31.56,32.2,8.03,0.16666666666666666
548,193436615,01 Feb 17,Ballarat,450m,S/E Heat,6.0,1068300013,2,6.77,0.18,26.36,25.7,13.00,0.16666666666666666
557,636819604,01 Feb 21,Ballarat,390m,Tier 3 - Maiden,3.0,420211753,2,8.79,0.35,22.80,28.3,4.91,0.3333333333333333
562,636819600,01 Feb 21,Ballarat,390m,Tier 3 - Restricted Win,3.0,214382428,2,8.55,0.09,22.72,33.7,3.27,0.3333333333333333
567,636819607,01 Feb 21,Ballarat,450m,Tier 3 - Grade 7,1.0,333962102,2,6.68,0.00,25.51,35.3,3.14,1.0
540,193436614,01 Feb 17,Ballarat,450m,S/E Heat,5.0,1054110008,2,6.65,0.08,25.93,25.9,6.44,0.2
258,345438523,01 Aug 18,Ballarat,390m,Mixed 4/5,7.0,111277138,2,8.63,0.31,22.59,29.1,9.33,0.14285714285714285
575,636819597,01 Feb 21,Ballarat,450m,Tier 3 - Restricted Win,3.0,399695812,2,6.70,0.12,25.71,32.5,3.74,0.3333333333333333
578,636819608,01 Feb 21,Ballarat,545m,Grade 5 T3,1.0,198169050,2,6.79,0.00,31.27,30.8,0.03,1.0
227,345438527,01 Aug 18,Ballarat,450m,Mixed 4/5,5.0,1310540000,2,6.76,0.18,25.58,35.7,4.57,0.2
267,345438524,01 Aug 18,Ballarat,390m,Grade 5,8.0,196453623,2,8.72,0.25,23.03,29.8,12.41,0.125
589,636819605,01 Feb 21,Ballarat,450m,Grade 5 T3,5.0,302937175,2,6.71,0.04,25.96,26.0,6.86,0.2
522,193436616,01 Feb 17,Ballarat,390m,Mixed 4/5,1.0,1177150022,2,8.34,0.00,22.11,31.9,3.39,1.0
219,343237372,01 Aug 18,Ballarat,450m,Grade 5 Final,5.0,1493550015,2,6.76,0.19,25.68,31.7,4.23,0.2
521,193436622,01 Feb 17,Ballarat,545m,Mixed 4/5,8.0,946340027,2,7.50,0.84,31.94,34.8,16.19,0.125
593,636819606,01 Feb 21,Ballarat,450m,Grade 5 T3,3.0,308817404,2,6.78,0.14,25.72,29.7,3.53,0.3333333333333333
272,345438525,01 Aug 18,Ballarat,390m,Grade 5,5.0,1744350009,2,8.53,0.23,22.55,30.1,5.16,0.2
214,344127988,01 Aug 18,Ballarat,450m,Maiden Final,8.0,152915723,2,6.85,0.24,26.20,33.5,14.11,0.125
600,636819599,01 Feb 21,Ballarat,390m,Tier 3 - Restricted Win,2.0,357308696,2,8.60,0.14,22.45,26.3,1.59,0.5
606,636819598,01 Feb 21,Ballarat,390m,Tier 3 - Restricted Win,4.0,422940192,2,8.68,0.22,22.70,32.5,7.03,0.25
277,386961888,01 Dec 18,Ballarat,450m,Restricted Win,2.0,223670954,2,6.65,0.00,25.96,28.7,1.49,0.5
610,636819601,01 Feb 21,Ballarat,390m,Grade 5 T3,1.0,392501938,2,8.35,0.00,22.46,30.3,2.71,1.0
36,422625071,01 Apr 19,Ballarat,450m,Grade 7 Aged Prize Money,6.0,118013557,2,7.03,0.34,26.55,29.3,12.24,0.16666666666666666
506,193436619,01 Feb 17,Ballarat,450m,Grade 5,1.0,1276990032,2,6.60,0.05,25.23,34.3,1.00,1.0
453,1978170002,01 Feb 16,Ballarat,390m,Grade 5 T3,1.0,165430109,2,8.51,0.00,22.52,30.0,1.87,1.0
199,345438522,01 Aug 18,Ballarat,660m,Restricted Win,1.0,124225459,2,13.46,0.68,37.95,31.6,7.79,1.0
629,285201774,01 Jan 18,Ballarat,450m,Maiden,8.0,114215565,2,6.80,0.11,28.62,28.6,35.49,0.125
500,193436618,01 Feb 17,Ballarat,450m,Mixed 4/5,2.0,1021670102,2,6.58,0.09,25.21,30.4,2.27,0.5
247,345438529,01 Aug 18,Ballarat,450m,Grade 5,4.0,127818131,2,6.72,0.11,25.89,32.5,3.00,0.25
133,139100153,01 Aug 16,Ballarat,545m,Grade 5 T3,5.0,-748694,2,7.23,0.35,32.11,28.3,3.73,0.2
426,1978170005,01 Feb 16,Ballarat,450m,Grade 5 T3,6.0,-738209,2,6.91,0.14,26.15,32.9,4.46,0.16666666666666666
393,1978170000,01 Feb 16,Ballarat,545m,Tier 3 - Restricted Win,3.0,940060014,2,6.99,0.19,31.90,27.5,2.43,0.3333333333333333
719,513030525,01 Jan 20,Ballarat,450m,Maiden Heat,1.0,299972774,2,6.54,0.05,25.62,26.8,0.86,1.0
767,513030532,01 Jan 20,Ballarat,450m,Mixed 4/5,6.0,1550690075,2,6.67,0.18,25.74,32.6,8.64,0.16666666666666666
130,139100150,01 Aug 16,Ballarat,450m,Tier 3 - Grade 6,8.0,-752423,2,7.26,0.51,27.28,31.6,15.54,0.125
417,1978170001,01 Feb 16,Ballarat,390m,Grade 5 T3,3.0,-723833,2,8.71,0.25,22.57,32.3,1.30,0.3333333333333333
103,139100156,01 Aug 16,Ballarat,545m,Tier 3 - Maiden,5.0,1014090005,2,7.03,0.16,32.30,27.2,4.36,0.2
357,386961890,01 Dec 18,Ballarat,450m,Mixed 4/5,6.0,149705818,2,6.96,0.44,25.98,33.1,9.11,0.16666666666666666
407,1978170011,01 Feb 16,Ballarat,545m,Grade 5 T3,1.0,-734372,2,6.79,0.00,31.46,32.6,2.38,1.0
729,513030526,01 Jan 20,Ballarat,450m,Maiden Heat,3.0,344112426,2,6.55,0.00,25.87,32.0,3.90,0.3333333333333333
98,139100148,01 Aug 16,Ballarat,390m,Tier 3 - Maiden,8.0,883010035,2,8.86,0.31,23.37,26.0,10.57,0.125
734,513030528,01 Jan 20,Ballarat,390m,Grade 5,2.0,118021637,2,8.32,0.00,22.12,29.2,0.70,0.5
121,139100155,01 Aug 16,Ballarat,545m,Tier 3 - Grade 7,7.0,883010009,2,7.14,0.25,32.38,36.9,5.03,0.14285714285714285
343,386961896,01 Dec 18,Ballarat,450m,S/E Heat,6.0,148673291,2,6.86,0.33,25.82,35.9,10.07,0.16666666666666666
401,1978170006,01 Feb 16,Ballarat,450m,Grade 5 T3,3.0,160070035,2,6.72,0.03,25.85,32.8,4.40,0.3333333333333333
49,422625070,01 Apr 19,Ballarat,450m,Grade 6 Aged Prize Money,4.0,198169054,2,6.89,0.19,25.87,26.4,5.36,0.25
347,386961891,01 Dec 18,Ballarat,450m,S/E Heat,3.0,2112520020,2,6.64,0.06,25.74,34.0,4.66,0.3333333333333333
755,509334855,01 Jan 20,Ballarat,450m,Grade 5 Final,2.0,186628515,2,6.48,0.00,25.43,27.3,1.31,0.5
385,1978170004,01 Feb 16,Ballarat,390m,Tier 3 - Maiden,3.0,895230006,2,8.92,0.52,23.01,26.4,4.84,0.3333333333333333
745,513030533,01 Jan 20,Ballarat,450m,Mixed 6/7,6.0,240988540,2,6.60,0.04,25.96,30.9,7.47,0.16666666666666666
3,422625068,01 Apr 19,Ballarat,390m,Maiden Aged Prize Money,4.0,264507961,2,9.09,0.37,23.15,34.0,1.97,0.25
746,513030534,01 Jan 20,Ballarat,545m,Mixed 4/5,1.0,201095392,2,6.83,0.14,31.11,32.4,5.87,1.0
685,285201765,01 Jan 18,Ballarat,390m,Mixed 6/7,3.0,850590039,2,8.66,0.14,22.89,32.8,2.43,0.3333333333333333
331,386961893,01 Dec 18,Ballarat,450m,S/E Heat,1.0,141326716,2,6.51,0.00,25.16,31.8,7.09,1.0
112,139100152,01 Aug 16,Ballarat,450m,Tier 3 - Maiden,6.0,1046120004,2,7.15,0.36,26.58,31.8,7.86,0.16666666666666666
375,1978170009,01 Feb 16,Ballarat,450m,Tier 3 - Maiden,1.0,612290027,2,6.65,0.00,25.49,33.1,3.44,1.0
451,1978170010,01 Feb 16,Ballarat,390m,Tier 3 - Grade 6,7.0,-744683,2,9.14,0.74,23.34,32.5,13.03,0.14285714285714285
153,139100151,01 Aug 16,Ballarat,450m,Tier 3 - Grade 7,3.0,778670050,2,6.86,0.07,26.40,27.9,6.03,0.3333333333333333
781,513030529,01 Jan 20,Ballarat,390m,Grade 5,1.0,299851010,2,8.36,0.00,22.21,28.1,2.36,1.0
363,386961889,01 Dec 18,Ballarat,390m,Mixed 4/5,4.0,1550070067,2,8.60,0.24,22.39,27.6,1.46,0.25
320,386961892,01 Dec 18,Ballarat,450m,S/E Heat,6.0,1493550008,2,6.60,0.14,25.54,34.6,7.19,0.16666666666666666
374,1978170003,01 Feb 16,Ballarat,390m,Tier 3 - Maiden,7.0,917450015,2,8.98,0.54,23.74,29.4,15.48,0.14285714285714285
775,513030527,01 Jan 20,Ballarat,450m,Restricted Win,1.0,184223217,2,6.69,0.02,26.08,28.9,3.71,1.0
694,285201768,01 Jan 18,Ballarat,390m,Grade 5,5.0,1849540002,2,8.60,0.26,22.76,35.1,8.67,0.2
148,139100149,01 Aug 16,Ballarat,450m,Grade 5 T3,5.0,724410121,2,6.87,0.08,26.27,27.6,5.13,0.2
714,513030531,01 Jan 20,Ballarat,390m,Maiden,1.0,276938271,2,8.58,0.00,22.85,35.6,1.06,1.0
703,285201766,01 Jan 18,Ballarat,390m,Mixed 4/5,6.0,2112520024,2,8.44,0.23,22.42,25.5,3.93,0.16666666666666666
437,1978170008,01 Feb 16,Ballarat,450m,Tier 3 - Grade 7,1.0,652800016,2,6.62,0.00,25.40,30.6,7.52,1.0
58,422625073,01 Apr 19,Ballarat,545m,Restricted Win Aged Prize Money,5.0,2145360033,2,7.06,0.23,31.77,35.5,5.57,0.2
142,139100154,01 Aug 16,Ballarat,545m,Tier 3 - Grade 6,6.0,839590100,2,6.80,0.00,32.42,22.8,10.10,0.16666666666666666
774,513030530,01 Jan 20,Ballarat,390m,Mixed 6/7,5.0,335463598,2,8.62,0.25,22.72,32.1,7.00,0.2
711,285201767,01 Jan 18,Ballarat,390m,Grade 5,6.0,833730003,2,8.67,0.30,22.65,32.0,7.01,0.16666666666666666
435,1978170007,01 Feb 16,Ballarat,390m,Tier 3 - Grade 7,7.0,881030044,2,9.05,0.70,23.38,27.3,15.90,0.14285714285714285
328,386961895,01 Dec 18,Ballarat,450m,S/E Heat,6.0,155646676,2,6.66,0.25,25.61,34.2,9.30,0.16666666666666666
10,422625072,01 Apr 19,Ballarat,450m,Maiden Aged Prize Money,3.0,230053201,2,6.78,0.05,26.18,34.2,7.06,0.3333333333333333
364,386961889,01 Dec 18,Ballarat,390m,Mixed 4/5,5.0,126472008,3,8.36,0.00,22.44,27.5,2.17,0.2
549,636819603,01 Feb 21,Ballarat,390m,Tier 3 - Maiden,1.0,435135039,3,8.74,0.11,22.78,23.8,2.50,1.0
255,345438523,01 Aug 18,Ballarat,390m,Mixed 4/5,4.0,151437788,3,8.54,0.22,22.23,26.6,4.23,0.25
523,193436616,01 Feb 17,Ballarat,390m,Mixed 4/5,2.0,224910009,3,8.57,0.23,22.35,31.2,3.39,0.5
31,422625071,01 Apr 19,Ballarat,450m,Grade 7 Aged Prize Money,1.0,257637266,3,7.03,0.34,25.69,32.0,1.73,1.0
50,422625070,01 Apr 19,Ballarat,450m,Grade 6 Aged Prize Money,5.0,201710123,3,6.91,0.21,25.91,29.5,5.83,0.2
376,1978170009,01 Feb 16,Ballarat,450m,Tier 3 - Maiden,2.0,714150040,3,6.73,0.08,25.71,33.3,3.44,0.5
264,345438524,01 Aug 18,Ballarat,390m,Grade 5,5.0,1092410176,3,8.69,0.22,22.69,31.7,7.53,0.2
534,193436613,01 Feb 17,Ballarat,450m,S/E Heat,5.0,1334080094,3,6.69,0.00,26.17,25.1,7.57,0.2
547,193436615,01 Feb 17,Ballarat,450m,S/E Heat,5.0,1407220012,3,6.78,0.19,25.80,26.6,5.00,0.2
359,386961890,01 Dec 18,Ballarat,450m,Mixed 4/5,8.0,1906490007,3,6.70,0.18,26.32,33.6,14.01,0.125
383,1978170004,01 Feb 16,Ballarat,390m,Tier 3 - Maiden,1.0,212280039,3,8.65,0.25,22.70,29.6,0.05,1.0
537,193436614,01 Feb 17,Ballarat,450m,S/E Heat,2.0,1107900033,3,6.64,0.07,25.51,26.9,0.40,0.5
452,1978170010,01 Feb 16,Ballarat,390m,Tier 3 - Grade 6,8.0,587100035,3,9.08,0.68,23.35,27.6,13.14,0.125
503,193436618,01 Feb 17,Ballarat,450m,Mixed 4/5,5.0,1389280140,3,6.79,0.30,25.69,31.0,9.11,0.2
273,345438525,01 Aug 18,Ballarat,390m,Grade 5,6.0,1445020019,3,8.79,0.49,22.80,35.6,8.70,0.16666666666666666
43,422625069,01 Apr 19,Ballarat,450m,Aged Prize Money,6.0,1993380001,3,6.97,0.33,26.25,32.3,6.04,0.16666666666666666
455,1978170002,01 Feb 16,Ballarat,390m,Grade 5 T3,3.0,226370044,3,8.59,0.08,22.71,26.1,2.97,0.3333333333333333
319,386961892,01 Dec 18,Ballarat,450m,S/E Heat,5.0,109043154,3,6.62,0.16,25.54,27.9,7.10,0.2
309,386961894,01 Dec 18,Ballarat,450m,S/E Heat,2.0,127722459,3,6.49,0.00,25.14,34.5,2.69,0.5
467,193436621,01 Feb 17,Ballarat,450m,Maiden,7.0,273950008,3,7.23,0.55,26.31,33.7,6.99,0.14285714285714285
444,1978170008,01 Feb 16,Ballarat,450m,Tier 3 - Grade 7,8.0,-737925,3,6.73,0.11,26.57,32.5,18.65,0.125
323,386961895,01 Dec 18,Ballarat,450m,S/E Heat,1.0,2112520023,3,6.41,0.00,24.96,31.3,2.49,1.0
472,193436617,01 Feb 17,Ballarat,390m,Mixed 6/7,4.0,1551230005,3,8.72,0.33,22.56,28.7,6.71,0.25
429,1978170007,01 Feb 16,Ballarat,390m,Tier 3 - Grade 7,1.0,456300011,3,8.35,0.00,22.37,30.3,2.29,1.0
298,386961897,01 Dec 18,Ballarat,450m,S/E Heat,7.0,1936980068,3,6.69,0.25,25.75,32.8,7.31,0.14285714285714285
481,193436620,01 Feb 17,Ballarat,450m,Mixed 6/7,5.0,1462790025,3,7.25,0.52,26.17,37.4,8.71,0.2
332,386961893,01 Dec 18,Ballarat,450m,S/E Heat,2.0,126751503,3,6.80,0.29,25.65,33.4,7.09,0.5
484,192952203,01 Feb 17,Ballarat,450m,Mixed 6/7 Final,1.0,1360060290,3,6.60,0.04,25.02,34.0,3.36,1.0
289,386961898,01 Dec 18,Ballarat,450m,S/E Heat,6.0,1490820101,3,6.78,0.15,25.67,32.2,6.83,0.16666666666666666
423,1978170005,01 Feb 16,Ballarat,450m,Grade 5 T3,1.0,-737624,3,6.87,0.10,25.87,36.2,0.27,1.0
57,422625073,01 Apr 19,Ballarat,545m,Restricted Win Aged Prize Money,4.0,141319678,3,7.12,0.29,31.66,36.4,4.09,0.25
420,1978170001,01 Feb 16,Ballarat,390m,Grade 5 T3,6.0,227440006,3,8.72,0.26,22.86,29.2,5.83,0.16666666666666666
413,1978170011,01 Feb 16,Ballarat,545m,Grade 5 T3,7.0,-751703,3,7.18,0.39,31.84,34.5,6.03,0.14285714285714285
63,422625067,01 Apr 19,Ballarat,390m,Grade 7 Aged Prize Money,2.0,205168020,3,8.79,0.18,22.83,26.7,3.09,0.5
498,193436612,01 Feb 17,Ballarat,450m,S/E Heat,7.0,1097180015,3,6.95,0.44,26.16,28.0,10.63,0.14285714285714285
405,1978170006,01 Feb 16,Ballarat,450m,Grade 5 T3,7.0,-748913,3,6.80,0.11,26.40,28.5,13.00,0.14285714285714285
276,386961888,01 Dec 18,Ballarat,450m,Restricted Win,1.0,226500600,3,6.72,0.07,25.86,35.4,1.49,1.0
512,193436619,01 Feb 17,Ballarat,450m,Grade 5,7.0,1474670098,3,6.77,0.22,25.91,27.4,9.80,0.14285714285714285
515,193436622,01 Feb 17,Ballarat,545m,Mixed 4/5,2.0,778670059,3,7.08,0.42,30.97,31.0,2.31,0.5
398,1978170000,01 Feb 16,Ballarat,545m,Tier 3 - Restricted Win,8.0,-746369,3,7.43,0.63,32.37,30.2,9.92,0.125
349,386961891,01 Dec 18,Ballarat,450m,S/E Heat,5.0,1440980041,3,6.69,0.11,26.01,36.6,8.59,0.2
306,386961899,01 Dec 18,Ballarat,545m,Grade 5,7.0,1965480001,3,7.08,0.28,31.67,32.9,4.03,0.14285714285714285
580,636819608,01 Feb 21,Ballarat,545m,Grade 5 T3,3.0,356917447,3,6.80,0.01,31.44,29.5,2.51,0.3333333333333333
555,636819604,01 Feb 21,Ballarat,390m,Tier 3 - Maiden,1.0,459177022,3,8.44,0.00,22.46,32.8,3.06,1.0
699,285201766,01 Jan 18,Ballarat,390m,Mixed 4/5,2.0,1354320007,3,8.21,0.00,22.20,28.7,0.73,0.5
81,422625063,01 Apr 19,Ballarat,390m,Aged Prize Money,7.0,198170064,3,8.80,0.35,22.99,23.7,9.09,0.14285714285714285
693,285201768,01 Jan 18,Ballarat,390m,Grade 5,4.0,1440980042,3,8.55,0.21,22.76,30.3,8.60,0.25
686,285201765,01 Jan 18,Ballarat,390m,Mixed 6/7,4.0,120412874,3,8.63,0.11,23.04,33.3,4.49,0.25
155,139100151,01 Aug 16,Ballarat,450m,Tier 3 - Grade 7,5.0,222720020,3,6.87,0.08,26.51,32.6,7.47,0.2
680,285201769,01 Jan 18,Ballarat,450m,Mixed 4/5,5.0,1245880022,3,6.77,0.26,25.87,34.5,7.51,0.2
163,139100147,01 Aug 16,Ballarat,390m,Tier 3 - Grade 7,5.0,111600169,3,8.68,0.09,23.02,26.2,5.33,0.2
140,139100154,01 Aug 16,Ballarat,545m,Tier 3 - Grade 6,4.0,-750268,3,7.33,0.53,32.19,31.6,6.74,0.25
15,422625072,01 Apr 19,Ballarat,450m,Maiden Aged Prize Money,8.0,126531074,3,6.82,0.09,26.76,27.4,15.33,0.125
168,139100146,01 Aug 16,Ballarat,390m,Tier 3 - Grade 6,2.0,431590001,3,8.84,0.30,22.89,33.3,6.27,0.5
659,285201775,01 Jan 18,Ballarat,545m,Grade 5,8.0,1284200064,3,6.93,0.32,32.93,32.1,26.57,0.125
647,285201772,01 Jan 18,Ballarat,450m,Grade 6,3.0,2099820004,3,6.67,0.11,25.97,26.9,2.67,0.3333333333333333
182,139100145,01 Aug 16,Ballarat,390m,Grade 5 T3,8.0,887800060,3,8.84,0.33,23.01,25.8,6.21,0.125
184,345438526,01 Aug 18,Ballarat,390m,Mixed 6/7,2.0,113531648,3,8.43,0.00,22.31,27.5,0.06,0.5
76,422625065,01 Apr 19,Ballarat,390m,Grade 6 Aged Prize Money,8.0,218035701,3,8.94,0.47,23.40,31.8,16.69,0.125
640,285201773,01 Jan 18,Ballarat,450m,Grade 7,4.0,2099800025,3,6.82,0.20,26.11,32.1,2.37,0.25
669,285201776,01 Jan 18,Ballarat,545m,Grade 5,2.0,888610006,3,6.69,0.00,31.76,25.8,8.47,0.5
636,285201771,01 Jan 18,Ballarat,545m,Mixed 6/7,7.0,820830196,3,7.13,0.42,32.57,27.6,14.87,0.14285714285714285
709,285201767,01 Jan 18,Ballarat,390m,Grade 5,4.0,127028558,3,8.37,0.00,22.50,30.6,4.80,0.25
135,139100153,01 Aug 16,Ballarat,545m,Grade 5 T3,7.0,-738077,3,7.27,0.39,32.27,29.4,5.91,0.14285714285714285
786,513030529,01 Jan 20,Ballarat,390m,Grade 5,6.0,256279544,3,8.73,0.37,22.57,35.3,5.26,0.16666666666666666
93,139100148,01 Aug 16,Ballarat,390m,Tier 3 - Maiden,3.0,872550006,3,8.55,0.00,22.88,24.5,3.54,0.3333333333333333
777,513030527,01 Jan 20,Ballarat,450m,Restricted Win,3.0,322536289,3,6.75,0.08,26.42,27.8,4.86,0.3333333333333333
772,513030530,01 Jan 20,Ballarat,390m,Mixed 6/7,3.0,319674591,3,8.69,0.32,22.53,27.6,4.34,0.3333333333333333
102,139100156,01 Aug 16,Ballarat,545m,Tier 3 - Maiden,4.0,913850069,3,7.20,0.33,32.26,33.8,3.79,0.25
765,513030532,01 Jan 20,Ballarat,450m,Mixed 4/5,4.0,109835235,3,6.67,0.18,25.48,32.4,4.96,0.25
761,509334855,01 Jan 20,Ballarat,450m,Grade 5 Final,8.0,287560984,3,6.67,0.19,26.08,31.4,10.66,0.125
715,513030531,01 Jan 20,Ballarat,390m,Maiden,2.0,338107383,3,8.86,0.28,22.92,30.2,1.06,0.5
109,139100152,01 Aug 16,Ballarat,450m,Tier 3 - Maiden,3.0,1039400005,3,6.79,0.00,26.37,30.4,4.90,0.3333333333333333
744,513030533,01 Jan 20,Ballarat,450m,Mixed 6/7,5.0,339658974,3,6.76,0.20,25.93,25.4,7.06,0.2
739,513030528,01 Jan 20,Ballarat,390m,Grade 5,7.0,256575128,3,8.47,0.15,22.64,35.6,8.07,0.14285714285714285
119,139100155,01 Aug 16,Ballarat,545m,Tier 3 - Grade 7,5.0,388890024,3,7.08,0.19,32.33,33.4,4.23,0.2
6,422625068,01 Apr 19,Ballarat,390m,Maiden Aged Prize Money,7.0,258684340,3,8.97,0.25,23.31,24.6,4.37,0.14285714285714285
125,139100150,01 Aug 16,Ballarat,450m,Tier 3 - Grade 6,3.0,592760053,3,6.98,0.23,26.48,33.0,4.00,0.3333333333333333
726,513030525,01 Jan 20,Ballarat,450m,Maiden Heat,8.0,298891092,3,6.86,0.37,26.59,26.9,13.87,0.125
83,422625064,01 Apr 19,Ballarat,390m,Aged Prize Money,1.0,1897860036,3,8.47,0.00,22.44,26.6,2.19,1.0
753,513030534,01 Jan 20,Ballarat,545m,Mixed 4/5,8.0,1612100024,3,6.94,0.25,31.91,32.2,11.47,0.125
20,422625074,01 Apr 19,Ballarat,545m,Restricted Win Aged Prize Money,5.0,197538319,3,7.38,0.60,32.18,28.0,12.64,0.2
666,285201770,01 Jan 18,Ballarat,450m,Grade 5,7.0,1574550031,3,6.84,0.23,26.66,31.5,15.81,0.14285714285714285
368,1978170003,01 Feb 16,Ballarat,390m,Tier 3 - Maiden,1.0,243250027,3,8.44,0.00,22.77,28.3,5.16,1.0
607,636819598,01 Feb 21,Ballarat,390m,Tier 3 - Restricted Win,5.0,382209395,3,8.67,0.21,22.75,36.0,7.87,0.2
588,636819605,01 Feb 21,Ballarat,450m,Grade 5 T3,4.0,392513463,3,6.71,0.04,25.85,33.4,5.27,0.25
207,344127988,01 Aug 18,Ballarat,450m,Maiden Final,1.0,197548323,3,6.72,0.11,25.21,31.3,0.61,1.0
613,636819601,01 Feb 21,Ballarat,390m,Grade 5 T3,4.0,367365788,3,8.61,0.26,22.73,27.3,3.89,0.25
596,636819606,01 Feb 21,Ballarat,450m,Grade 5 T3,6.0,359294659,3,6.85,0.21,25.82,30.8,4.91,0.16666666666666666
574,636819597,01 Feb 21,Ballarat,450m,Tier 3 - Restricted Win,2.0,387031523,3,6.58,0.00,25.58,28.9,1.89,0.5
204,345438522,01 Aug 18,Ballarat,660m,Restricted Win,6.0,1550070065,3,12.99,0.21,38.87,26.7,13.19,0.16666666666666666
225,345438527,01 Aug 18,Ballarat,450m,Mixed 4/5,3.0,124927375,3,6.60,0.02,25.40,31.6,1.93,0.3333333333333333
237,345438528,01 Aug 18,Ballarat,450m,Grade 5,7.0,109563224,3,7.59,0.99,26.82,36.4,22.96,0.14285714285714285
571,636819607,01 Feb 21,Ballarat,450m,Tier 3 - Grade 7,5.0,461116508,3,6.79,0.11,26.06,29.5,7.84,0.2
193,345438530,01 Aug 18,Ballarat,450m,Mixed 6/7,3.0,157500939,3,6.71,0.14,25.85,31.0,2.44,0.3333333333333333
26,422625066,01 Apr 19,Ballarat,390m,Grade 7 Aged Prize Money,4.0,109032129,3,8.52,0.11,22.68,28.0,6.61,0.25
563,636819600,01 Feb 21,Ballarat,390m,Tier 3 - Restricted Win,4.0,417040421,3,8.64,0.18,22.73,32.3,3.39,0.25
621,636819602,01 Feb 21,Ballarat,390m,Grade 5 T3,5.0,265157259,3,8.74,0.25,22.91,29.7,4.89,0.2
622,285201774,01 Jan 18,Ballarat,450m,Maiden,1.0,112625308,3,6.78,0.09,26.14,32.1,0.93,1.0
220,343237372,01 Aug 18,Ballarat,450m,Grade 5 Final,6.0,2099800031,3,6.68,0.11,25.68,28.2,4.24,0.16666666666666666
244,345438529,01 Aug 18,Ballarat,450m,Grade 5,1.0,141326686,3,6.61,0.00,25.68,33.5,0.96,1.0
422,1978170001,01 Feb 16,Ballarat,390m,Grade 5 T3,8.0,-738369,4,8.78,0.32,23.21,33.5,11.35,0.125
724,513030525,01 Jan 20,Ballarat,450m,Maiden Heat,6.0,319674592,4,6.82,0.33,26.31,30.6,9.93,0.16666666666666666
529,193436616,01 Feb 17,Ballarat,390m,Mixed 4/5,8.0,1250880002,4,8.55,0.21,23.01,27.5,12.84,0.125
414,1978170011,01 Feb 16,Ballarat,545m,Grade 5 T3,8.0,-729107,4,7.20,0.41,32.09,34.7,9.90,0.125
27,422625066,01 Apr 19,Ballarat,390m,Grade 7 Aged Prize Money,5.0,258991461,4,8.68,0.27,22.69,28.6,6.77,0.2
728,513030526,01 Jan 20,Ballarat,450m,Maiden Heat,2.0,369459444,4,6.55,0.00,25.64,31.0,0.63,0.5
582,636819608,01 Feb 21,Ballarat,545m,Grade 5 T3,5.0,127028560,4,7.01,0.22,31.62,29.9,5.07,0.2
8,422625072,01 Apr 19,Ballarat,450m,Maiden Aged Prize Money,1.0,184236237,4,6.87,0.14,25.68,31.7,5.41,1.0
738,513030528,01 Jan 20,Ballarat,390m,Grade 5,6.0,204414554,4,8.70,0.38,22.53,30.8,6.51,0.16666666666666666
748,513030534,01 Jan 20,Ballarat,545m,Mixed 4/5,3.0,116082705,4,7.04,0.35,31.53,32.6,6.00,0.3333333333333333
400,1978170006,01 Feb 16,Ballarat,450m,Grade 5 T3,2.0,275790046,4,6.70,0.01,25.81,32.5,3.75,0.5
576,636819597,01 Feb 21,Ballarat,450m,Tier 3 - Restricted Win,4.0,411693767,4,6.90,0.32,25.90,31.6,6.47,0.25
740,513030533,01 Jan 20,Ballarat,450m,Mixed 6/7,1.0,332166524,4,6.65,0.09,25.44,29.5,2.31,1.0
536,193436614,01 Feb 17,Ballarat,450m,S/E Heat,1.0,1284200064,4,6.66,0.09,25.48,31.2,0.40,1.0
787,513030529,01 Jan 20,Ballarat,390m,Grade 5,7.0,115367775,4,8.69,0.33,22.83,33.7,8.97,0.14285714285714285
392,1978170000,01 Feb 16,Ballarat,545m,Tier 3 - Restricted Win,2.0,-751738,4,6.93,0.13,31.78,32.4,0.52,0.5
389,1978170004,01 Feb 16,Ballarat,390m,Tier 3 - Maiden,7.0,-738165,4,9.30,0.90,23.57,25.7,13.71,0.14285714285714285
757,509334855,01 Jan 20,Ballarat,450m,Grade 5 Final,4.0,256198374,4,6.55,0.07,25.76,32.9,6.00,0.25
569,636819607,01 Feb 21,Ballarat,450m,Tier 3 - Grade 7,3.0,325813340,4,6.95,0.27,25.83,34.6,4.61,0.3333333333333333
382,1978170009,01 Feb 16,Ballarat,450m,Tier 3 - Maiden,8.0,879520040,4,6.95,0.30,26.56,29.4,17.00,0.125
543,193436615,01 Feb 17,Ballarat,450m,S/E Heat,1.0,1092420042,4,6.70,0.11,25.45,27.9,1.50,1.0
766,513030532,01 Jan 20,Ballarat,450m,Mixed 4/5,5.0,138443848,4,6.76,0.27,25.57,34.4,6.23,0.2
566,636819600,01 Feb 21,Ballarat,390m,Tier 3 - Restricted Win,7.0,376413841,4,8.86,0.40,23.02,28.0,7.53,0.14285714285714285
556,636819604,01 Feb 21,Ballarat,390m,Tier 3 - Maiden,2.0,438216697,4,8.76,0.32,22.67,25.3,3.06,0.5
532,193436613,01 Feb 17,Ballarat,450m,S/E Heat,3.0,1362060037,4,6.70,0.01,25.88,26.1,3.39,0.3333333333333333
718,513030531,01 Jan 20,Ballarat,390m,Maiden,5.0,315935641,4,8.79,0.21,23.09,28.3,3.43,0.2
631,285201771,01 Jan 18,Ballarat,545m,Mixed 6/7,2.0,110526615,4,6.71,0.00,31.60,34.4,0.96,0.5
46,422625070,01 Apr 19,Ballarat,450m,Grade 6 Aged Prize Money,1.0,224871351,4,6.70,0.00,25.50,31.6,1.47,1.0
485,192952203,01 Feb 17,Ballarat,450m,Mixed 6/7 Final,2.0,1490820095,4,6.56,0.00,25.25,27.2,3.36,0.5
625,285201774,01 Jan 18,Ballarat,450m,Maiden,4.0,127028574,4,7.03,0.34,26.45,28.7,4.49,0.25
618,636819602,01 Feb 21,Ballarat,390m,Grade 5 T3,2.0,212745205,4,8.49,0.00,22.58,29.1,0.20,0.5
40,422625069,01 Apr 19,Ballarat,450m,Aged Prize Money,3.0,113531127,4,6.89,0.25,25.91,28.4,1.19,0.3333333333333333
644,285201773,01 Jan 18,Ballarat,450m,Grade 7,8.0,1199510020,4,6.78,0.16,26.53,28.2,8.30,0.125
479,193436620,01 Feb 17,Ballarat,450m,Mixed 6/7,3.0,1407220013,4,7.11,0.38,26.11,26.5,7.89,0.3333333333333333
615,636819601,01 Feb 21,Ballarat,390m,Grade 5 T3,6.0,256279548,4,8.67,0.32,22.90,28.8,6.30,0.16666666666666666
505,193436618,01 Feb 17,Ballarat,450m,Mixed 4/5,7.0,1551230008,4,6.80,0.31,25.96,32.1,13.06,0.14285714285714285
473,193436617,01 Feb 17,Ballarat,390m,Mixed 6/7,5.0,1136220021,4,8.74,0.35,22.61,35.1,7.40,0.2
650,285201772,01 Jan 18,Ballarat,450m,Grade 6,6.0,1907950000,4,6.72,0.16,26.34,26.2,7.87,0.16666666666666666
657,285201775,01 Jan 18,Ballarat,545m,Grade 5,6.0,999500008,4,7.05,0.44,31.87,35.5,11.40,0.16666666666666666
17,422625074,01 Apr 19,Ballarat,545m,Restricted Win Aged Prize Money,2.0,172047918,4,6.96,0.18,31.60,30.1,4.34,0.5
665,285201770,01 Jan 18,Ballarat,450m,Grade 5,6.0,855980012,4,6.75,0.14,26.01,30.2,6.56,0.16666666666666666
507,193436619,01 Feb 17,Ballarat,450m,Grade 5,2.0,376320010,4,6.55,0.00,25.30,32.3,1.00,0.5
587,636819605,01 Feb 21,Ballarat,450m,Grade 5 T3,3.0,306113020,4,6.80,0.13,25.83,28.8,5.04,0.3333333333333333
553,636819603,01 Feb 21,Ballarat,390m,Tier 3 - Maiden,5.0,405296980,4,8.86,0.23,23.47,24.9,9.84,0.2
464,193436621,01 Feb 17,Ballarat,450m,Maiden,4.0,1306460012,4,7.05,0.37,26.13,34.0,4.41,0.25
456,1978170002,01 Feb 16,Ballarat,390m,Grade 5 T3,4.0,-742934,4,8.54,0.03,22.72,33.4,3.13,0.25
677,285201769,01 Jan 18,Ballarat,450m,Mixed 4/5,2.0,1450720003,4,6.51,0.00,25.39,32.3,0.59,0.5
604,636819598,01 Feb 21,Ballarat,390m,Tier 3 - Restricted Win,2.0,422990326,4,8.46,0.00,22.49,26.6,4.16,0.5
602,636819599,01 Feb 21,Ballarat,390m,Tier 3 - Restricted Win,4.0,265782601,4,8.71,0.25,22.70,34.0,5.13,0.25
597,636819606,01 Feb 21,Ballarat,450m,Grade 5 T3,7.0,411116091,4,6.83,0.19,26.12,26.3,9.29,0.14285714285714285
449,1978170010,01 Feb 16,Ballarat,390m,Tier 3 - Grade 6,5.0,763790080,4,9.05,0.65,22.95,32.3,6.87,0.2
687,285201765,01 Jan 18,Ballarat,390m,Mixed 6/7,5.0,132384248,4,8.54,0.02,23.04,26.8,4.60,0.2
690,285201768,01 Jan 18,Ballarat,390m,Grade 5,1.0,1238210003,4,8.34,0.00,22.15,29.6,2.90,1.0
441,1978170008,01 Feb 16,Ballarat,450m,Tier 3 - Grade 7,5.0,-751919,4,6.79,0.17,26.17,32.2,12.25,0.2
516,193436622,01 Feb 17,Ballarat,545m,Mixed 4/5,3.0,794560047,4,6.80,0.14,30.98,27.1,2.43,0.3333333333333333
35,422625071,01 Apr 19,Ballarat,450m,Grade 7 Aged Prize Money,5.0,208442562,4,6.89,0.20,26.37,31.0,9.70,0.2
705,285201766,01 Jan 18,Ballarat,390m,Mixed 4/5,8.0,850590056,4,8.60,0.39,22.70,37.1,7.93,0.125
707,285201767,01 Jan 18,Ballarat,390m,Grade 5,2.0,2131520020,4,8.41,0.04,22.34,29.8,2.56,0.5
673,285201776,01 Jan 18,Ballarat,545m,Grade 5,6.0,1327900050,4,6.99,0.30,32.14,29.9,13.89,0.16666666666666666
433,1978170007,01 Feb 16,Ballarat,390m,Tier 3 - Grade 7,5.0,568590004,4,8.67,0.32,22.73,32.3,5.65,0.2
0,422625068,01 Apr 19,Ballarat,390m,Maiden Aged Prize Money,1.0,250185375,4,8.91,0.19,23.01,28.5,0.53,1.0
183,345438526,01 Aug 18,Ballarat,390m,Mixed 6/7,1.0,1608070002,4,8.48,0.05,22.31,29.4,0.06,1.0
79,422625063,01 Apr 19,Ballarat,390m,Aged Prize Money,5.0,1177320005,4,8.91,0.46,22.87,30.5,7.34,0.2
341,386961896,01 Dec 18,Ballarat,450m,S/E Heat,4.0,141319825,4,6.53,0.00,25.59,30.5,6.76,0.25
165,139100147,01 Aug 16,Ballarat,390m,Tier 3 - Grade 7,7.0,792830053,4,8.82,0.23,23.18,29.4,7.51,0.14285714285714285
172,139100146,01 Aug 16,Ballarat,390m,Tier 3 - Grade 6,6.0,718090055,4,8.68,0.14,23.04,22.8,8.37,0.16666666666666666
177,139100145,01 Aug 16,Ballarat,390m,Grade 5 T3,3.0,275790135,4,8.63,0.12,22.72,27.4,2.04,0.3333333333333333
197,345438530,01 Aug 18,Ballarat,450m,Mixed 6/7,7.0,196371529,4,6.79,0.22,26.10,32.6,6.09,0.14285714285714285
334,386961893,01 Dec 18,Ballarat,450m,S/E Heat,4.0,199820850,4,6.83,0.32,25.77,32.1,8.70,0.25
205,345438522,01 Aug 18,Ballarat,660m,Restricted Win,7.0,1780150011,4,13.15,0.37,38.87,30.8,13.20,0.14285714285714285
330,386961895,01 Dec 18,Ballarat,450m,S/E Heat,8.0,109032190,4,6.66,0.25,25.70,33.3,10.53,0.125
213,344127988,01 Aug 18,Ballarat,450m,Maiden Final,7.0,149704324,4,6.84,0.23,25.88,35.1,9.60,0.14285714285714285
216,343237372,01 Aug 18,Ballarat,450m,Grade 5 Final,2.0,121002028,4,6.59,0.02,25.42,27.0,0.43,0.5
223,345438527,01 Aug 18,Ballarat,450m,Mixed 4/5,1.0,141317070,4,6.60,0.02,25.26,32.0,0.69,1.0
236,345438528,01 Aug 18,Ballarat,450m,Grade 5,6.0,151437816,4,6.88,0.28,25.94,33.2,10.29,0.16666666666666666
239,345438531,01 Aug 18,Ballarat,545m,Mixed 4/5,2.0,126153833,4,6.85,0.09,31.31,34.9,4.50,0.5
69,422625065,01 Apr 19,Ballarat,390m,Grade 6 Aged Prize Money,1.0,224239088,4,8.47,0.00,22.24,27.0,2.20,1.0
245,345438529,01 Aug 18,Ballarat,450m,Grade 5,2.0,1362060081,4,6.73,0.12,25.75,36.5,0.96,0.5
321,386961892,01 Dec 18,Ballarat,450m,S/E Heat,7.0,170757835,4,6.69,0.23,25.65,32.5,8.71,0.14285714285714285
253,345438523,01 Aug 18,Ballarat,390m,Mixed 4/5,2.0,1574540007,4,8.36,0.04,22.02,25.1,1.19,0.5
262,345438524,01 Aug 18,Ballarat,390m,Grade 5,3.0,1182140089,4,8.59,0.12,22.58,36.4,6.06,0.3333333333333333
59,422625073,01 Apr 19,Ballarat,545m,Restricted Win Aged Prize Money,6.0,1517480003,4,7.06,0.23,31.83,29.9,6.47,0.16666666666666666
65,422625067,01 Apr 19,Ballarat,390m,Grade 7 Aged Prize Money,4.0,227854810,4,8.68,0.07,22.99,27.8,5.37,0.25
275,345438525,01 Aug 18,Ballarat,390m,Grade 5,8.0,1448580020,4,8.74,0.44,22.96,26.4,10.89,0.125
281,386961888,01 Dec 18,Ballarat,450m,Restricted Win,6.0,229625335,4,6.86,0.21,26.24,34.0,5.46,0.16666666666666666
284,386961898,01 Dec 18,Ballarat,450m,S/E Heat,1.0,161976808,4,6.74,0.11,25.19,33.3,2.87,1.0
293,386961897,01 Dec 18,Ballarat,450m,S/E Heat,2.0,114599745,4,6.69,0.25,25.29,26.5,0.74,0.5
156,139100151,01 Aug 16,Ballarat,450m,Tier 3 - Grade 7,6.0,-752720,4,6.91,0.12,26.52,32.3,7.71,0.16666666666666666
145,139100149,01 Aug 16,Ballarat,450m,Grade 5 T3,2.0,-738215,4,6.80,0.01,25.93,32.8,0.30,0.5
307,386961899,01 Dec 18,Ballarat,545m,Grade 5,8.0,1770370035,4,7.25,0.45,32.64,35.8,17.90,0.125
106,139100156,01 Aug 16,Ballarat,545m,Tier 3 - Maiden,8.0,1028790010,4,7.26,0.39,32.66,26.0,9.53,0.125
353,386961890,01 Dec 18,Ballarat,450m,Mixed 4/5,2.0,1811620010,4,6.59,0.07,25.40,31.1,0.89,0.5
87,422625064,01 Apr 19,Ballarat,390m,Aged Prize Money,5.0,128650362,4,8.80,0.33,22.89,28.0,6.40,0.2
96,139100148,01 Aug 16,Ballarat,390m,Tier 3 - Maiden,6.0,778670045,4,8.82,0.27,23.11,32.0,6.84,0.16666666666666666
128,139100150,01 Aug 16,Ballarat,450m,Tier 3 - Grade 6,6.0,820830002,4,6.98,0.23,26.65,30.0,6.47,0.16666666666666666
351,386961891,01 Dec 18,Ballarat,450m,S/E Heat,7.0,120344210,4,6.78,0.20,26.24,33.0,11.80,0.14285714285714285
362,386961889,01 Dec 18,Ballarat,390m,Mixed 4/5,3.0,137764982,4,8.50,0.14,22.34,26.2,0.73,0.3333333333333333
113,139100152,01 Aug 16,Ballarat,450m,Tier 3 - Maiden,7.0,821660020,4,7.04,0.25,26.68,32.8,9.27,0.14285714285714285
136,139100153,01 Aug 16,Ballarat,545m,Grade 5 T3,8.0,917310102,4,7.23,0.35,32.41,28.7,7.97,0.125
116,139100155,01 Aug 16,Ballarat,545m,Tier 3 - Grade 7,2.0,917450005,4,6.89,0.00,32.15,28.5,1.74,0.5
756,509334855,01 Jan 20,Ballarat,450m,Grade 5 Final,3.0,321682583,5,6.71,0.23,25.59,35.3,3.64,0.3333333333333333
749,513030534,01 Jan 20,Ballarat,545m,Mixed 4/5,4.0,231587253,5,7.18,0.49,31.60,26.9,7.11,0.25
265,345438524,01 Aug 18,Ballarat,390m,Grade 5,6.0,157501915,5,8.65,0.18,22.77,25.3,8.74,0.16666666666666666
251,345438529,01 Aug 18,Ballarat,450m,Grade 5,8.0,999420002,5,6.81,0.20,26.20,31.5,7.43,0.125
105,139100156,01 Aug 16,Ballarat,545m,Tier 3 - Maiden,7.0,718090038,5,7.19,0.32,32.66,34.3,9.44,0.14285714285714285
232,345438528,01 Aug 18,Ballarat,450m,Grade 5,2.0,121002023,5,6.89,0.29,25.57,36.0,5.11,0.5
252,345438523,01 Aug 18,Ballarat,390m,Mixed 4/5,1.0,127722459,5,8.32,0.00,21.93,34.1,1.19,1.0
762,513030532,01 Jan 20,Ballarat,450m,Mixed 4/5,1.0,188361972,5,6.49,0.00,25.14,32.9,2.80,1.0
110,139100152,01 Aug 16,Ballarat,450m,Tier 3 - Maiden,4.0,867270043,5,7.02,0.23,26.48,31.7,6.37,0.25
143,139100154,01 Aug 16,Ballarat,545m,Tier 3 - Grade 6,7.0,-748687,5,7.18,0.38,32.48,34.8,10.89,0.14285714285714285
773,513030530,01 Jan 20,Ballarat,390m,Mixed 6/7,4.0,273935778,5,8.55,0.18,22.62,32.6,5.54,0.25
517,193436622,01 Feb 17,Ballarat,545m,Mixed 4/5,4.0,800830031,5,6.92,0.26,31.00,33.0,2.79,0.25
215,343237372,01 Aug 18,Ballarat,450m,Grade 5 Final,1.0,1295030013,5,6.57,0.00,25.39,32.6,0.43,1.0
274,345438525,01 Aug 18,Ballarat,390m,Grade 5,7.0,2099820001,5,8.60,0.30,22.86,29.7,9.57,0.14285714285714285
508,193436619,01 Feb 17,Ballarat,450m,Grade 5,3.0,766410079,5,6.73,0.18,25.44,31.4,3.01,0.3333333333333333
64,422625067,01 Apr 19,Ballarat,390m,Grade 7 Aged Prize Money,3.0,214384927,5,8.88,0.27,22.86,27.2,3.49,0.3333333333333333
94,139100148,01 Aug 16,Ballarat,390m,Tier 3 - Maiden,4.0,1250880002,5,8.73,0.18,22.99,30.2,5.03,0.25
283,386961888,01 Dec 18,Ballarat,450m,Restricted Win,8.0,1493550002,5,6.97,0.32,26.88,29.0,14.59,0.125
780,513030527,01 Jan 20,Ballarat,450m,Restricted Win,6.0,250697403,5,7.15,0.48,26.79,25.8,10.13,0.16666666666666666
497,193436612,01 Feb 17,Ballarat,450m,S/E Heat,6.0,1334020112,5,6.90,0.39,25.88,25.2,6.59,0.16666666666666666
287,386961898,01 Dec 18,Ballarat,450m,S/E Heat,4.0,126530617,5,6.67,0.04,25.54,31.0,5.01,0.25
489,192952203,01 Feb 17,Ballarat,450m,Mixed 6/7 Final,6.0,1046100007,5,6.89,0.33,25.62,34.3,8.56,0.16666666666666666
785,513030529,01 Jan 20,Ballarat,390m,Grade 5,5.0,256575130,5,8.66,0.30,22.53,34.6,4.57,0.2
299,386961897,01 Dec 18,Ballarat,450m,S/E Heat,8.0,109766104,5,6.83,0.39,25.92,34.2,9.76,0.125
300,386961899,01 Dec 18,Ballarat,545m,Grade 5,1.0,2027130011,5,6.96,0.16,31.39,33.9,1.07,1.0
525,193436616,01 Feb 17,Ballarat,390m,Mixed 4/5,4.0,-752119,5,8.65,0.31,22.67,32.0,7.96,0.25
598,636819606,01 Feb 21,Ballarat,450m,Grade 5 T3,8.0,999420002,5,6.84,0.20,26.49,31.1,14.50,0.125
118,139100155,01 Aug 16,Ballarat,545m,Tier 3 - Grade 7,4.0,963170002,5,7.30,0.41,32.30,30.6,3.83,0.25
713,285201767,01 Jan 18,Ballarat,390m,Grade 5,8.0,1182160100,5,8.77,0.40,22.83,34.5,9.59,0.125
144,139100149,01 Aug 16,Ballarat,450m,Grade 5 T3,1.0,677880022,5,6.80,0.01,25.91,32.3,0.30,1.0
702,285201766,01 Jan 18,Ballarat,390m,Mixed 4/5,5.0,2032460087,5,8.60,0.39,22.41,33.5,3.77,0.2
697,285201768,01 Jan 18,Ballarat,390m,Grade 5,8.0,1238530247,5,8.72,0.38,22.98,31.4,11.83,0.125
689,285201765,01 Jan 18,Ballarat,390m,Mixed 6/7,7.0,112926424,5,8.59,0.07,23.46,25.7,10.50,0.14285714285714285
9,422625072,01 Apr 19,Ballarat,450m,Maiden Aged Prize Money,2.0,245669369,5,6.82,0.09,26.06,26.5,5.41,0.5
157,139100151,01 Aug 16,Ballarat,450m,Tier 3 - Grade 7,7.0,800830049,5,7.01,0.22,26.57,24.1,8.46,0.14285714285714285
161,139100147,01 Aug 16,Ballarat,390m,Tier 3 - Grade 7,3.0,275990028,5,8.71,0.12,22.88,33.8,3.23,0.3333333333333333
720,513030525,01 Jan 20,Ballarat,450m,Maiden Heat,2.0,363309177,5,6.49,0.00,25.68,29.3,0.86,0.5
676,285201769,01 Jan 18,Ballarat,450m,Mixed 4/5,1.0,1937550072,5,6.76,0.25,25.35,35.1,0.59,1.0
668,285201776,01 Jan 18,Ballarat,545m,Grade 5,1.0,784310010,5,6.83,0.14,31.17,38.5,8.47,1.0
664,285201770,01 Jan 18,Ballarat,450m,Grade 5,5.0,1184050003,5,6.80,0.19,26.01,33.2,6.54,0.2
171,139100146,01 Aug 16,Ballarat,390m,Tier 3 - Grade 6,5.0,243250024,5,8.75,0.21,22.95,34.6,7.16,0.2
7,422625068,01 Apr 19,Ballarat,390m,Maiden Aged Prize Money,8.0,142641727,5,9.04,0.32,23.50,33.6,6.97,0.125
653,285201775,01 Jan 18,Ballarat,545m,Grade 5,2.0,1268930028,5,6.89,0.28,31.33,35.2,3.64,0.5
25,422625066,01 Apr 19,Ballarat,390m,Grade 7 Aged Prize Money,3.0,190918092,5,8.68,0.27,22.67,27.9,6.44,0.3333333333333333
180,139100145,01 Aug 16,Ballarat,390m,Grade 5 T3,6.0,744220010,5,8.67,0.16,22.88,26.1,4.30,0.16666666666666666
638,285201773,01 Jan 18,Ballarat,450m,Grade 7,2.0,110526614,5,6.66,0.04,25.98,33.7,0.54,0.5
190,345438526,01 Aug 18,Ballarat,390m,Mixed 6/7,8.0,198170059,5,8.73,0.30,22.89,29.3,8.27,0.125
191,345438530,01 Aug 18,Ballarat,450m,Mixed 6/7,1.0,127818136,5,6.57,0.00,25.68,24.8,0.64,1.0
630,285201771,01 Jan 18,Ballarat,545m,Mixed 6/7,1.0,1327910061,5,6.94,0.23,31.53,36.3,0.96,1.0
126,139100150,01 Aug 16,Ballarat,450m,Tier 3 - Grade 6,4.0,350630057,5,6.87,0.12,26.52,33.3,4.57,0.25
730,513030526,01 Jan 20,Ballarat,450m,Maiden Heat,4.0,350250109,5,6.79,0.24,26.09,24.8,7.06,0.25
623,285201774,01 Jan 18,Ballarat,450m,Maiden,2.0,132384247,5,6.69,0.00,26.20,26.0,0.93,0.5
201,345438522,01 Aug 18,Ballarat,660m,Restricted Win,3.0,128010511,5,13.25,0.47,38.78,36.6,11.84,0.3333333333333333
619,636819602,01 Feb 21,Ballarat,390m,Grade 5 T3,3.0,250704909,5,8.70,0.21,22.66,31.6,1.30,0.3333333333333333
616,636819601,01 Feb 21,Ballarat,390m,Grade 5 T3,7.0,306150079,5,8.72,0.37,22.95,36.4,7.06,0.14285714285714285
84,422625064,01 Apr 19,Ballarat,390m,Aged Prize Money,2.0,1021670043,5,8.54,0.07,22.60,32.0,2.19,0.5
736,513030528,01 Jan 20,Ballarat,390m,Grade 5,4.0,298886081,5,8.32,0.00,22.30,30.5,3.31,0.25
74,422625065,01 Apr 19,Ballarat,390m,Grade 6 Aged Prize Money,6.0,141318084,5,8.63,0.16,22.85,27.1,8.81,0.16666666666666666
208,344127988,01 Aug 18,Ballarat,450m,Maiden Final,2.0,200039281,5,6.61,0.00,25.25,33.4,0.61,0.5
470,193436617,01 Feb 17,Ballarat,390m,Mixed 6/7,2.0,963170007,5,8.39,0.00,22.14,25.4,0.74,0.5
229,345438527,01 Aug 18,Ballarat,450m,Mixed 4/5,7.0,126153846,5,6.67,0.09,25.74,28.0,6.80,0.14285714285714285
439,1978170008,01 Feb 16,Ballarat,450m,Tier 3 - Grade 7,3.0,1044030226,5,7.11,0.49,25.94,29.0,8.60,0.3333333333333333
342,386961896,01 Dec 18,Ballarat,450m,S/E Heat,5.0,126530601,5,6.75,0.22,25.75,25.5,9.11,0.2
406,1978170006,01 Feb 16,Ballarat,450m,Grade 5 T3,8.0,275790044,5,6.77,0.08,26.48,28.4,14.32,0.125
415,1978170001,01 Feb 16,Ballarat,390m,Grade 5 T3,1.0,-723904,5,8.46,0.00,22.49,28.2,0.03,1.0
44,422625069,01 Apr 19,Ballarat,450m,Aged Prize Money,7.0,1310540003,5,6.90,0.26,26.41,27.9,8.36,0.14285714285714285
447,1978170010,01 Feb 16,Ballarat,390m,Tier 3 - Grade 6,3.0,606840006,5,8.90,0.50,22.80,36.1,4.52,0.3333333333333333
313,386961894,01 Dec 18,Ballarat,450m,S/E Heat,6.0,199820848,5,6.70,0.21,25.76,31.8,11.46,0.16666666666666666
47,422625070,01 Apr 19,Ballarat,450m,Grade 6 Aged Prize Money,2.0,189149555,5,6.81,0.11,25.60,32.6,1.47,0.5
396,1978170000,01 Feb 16,Ballarat,545m,Tier 3 - Restricted Win,6.0,456300007,5,6.80,0.00,32.03,32.1,4.49,0.16666666666666666
352,386961890,01 Dec 18,Ballarat,450m,Mixed 4/5,1.0,134886249,5,6.52,0.00,25.34,31.4,0.89,1.0
424,1978170005,01 Feb 16,Ballarat,450m,Grade 5 T3,2.0,635490020,5,6.80,0.03,25.89,30.0,0.27,0.5
460,1978170002,01 Feb 16,Ballarat,390m,Grade 5 T3,8.0,252830003,5,8.61,0.10,23.46,25.8,14.92,0.125
390,1978170004,01 Feb 16,Ballarat,390m,Tier 3 - Maiden,8.0,724320007,5,9.42,1.02,23.72,30.5,16.17,0.125
329,386961895,01 Dec 18,Ballarat,450m,S/E Heat,7.0,149702808,5,6.80,0.39,25.63,38.0,9.57,0.14285714285714285
54,422625073,01 Apr 19,Ballarat,545m,Restricted Win Aged Prize Money,1.0,126153844,5,6.83,0.00,31.38,25.9,0.49,1.0
461,193436621,01 Feb 17,Ballarat,450m,Maiden,1.0,1327900050,5,6.84,0.16,25.82,31.2,2.24,1.0
381,1978170009,01 Feb 16,Ballarat,450m,Tier 3 - Maiden,7.0,763790087,5,6.94,0.29,26.54,32.1,16.73,0.14285714285714285
409,1978170011,01 Feb 16,Ballarat,545m,Grade 5 T3,3.0,111600516,5,6.80,0.01,31.68,26.1,3.44,0.3333333333333333
322,386961892,01 Dec 18,Ballarat,450m,S/E Heat,8.0,200039281,5,6.67,0.21,25.70,34.4,9.44,0.125
436,1978170007,01 Feb 16,Ballarat,390m,Tier 3 - Grade 7,8.0,-748179,5,8.86,0.51,23.95,30.7,25.02,0.125
370,1978170003,01 Feb 16,Ballarat,390m,Tier 3 - Maiden,3.0,963170002,5,8.76,0.32,23.10,32.1,5.33,0.3333333333333333
360,386961889,01 Dec 18,Ballarat,390m,Mixed 4/5,1.0,141326714,5,8.51,0.15,22.29,27.0,0.70,1.0
326,386961895,01 Dec 18,Ballarat,450m,S/E Heat,4.0,124886805,6,6.75,0.34,25.51,35.8,7.86,0.25
633,285201771,01 Jan 18,Ballarat,545m,Mixed 6/7,4.0,1394990000,6,7.01,0.30,31.99,31.1,6.63,0.25
419,1978170001,01 Feb 16,Ballarat,390m,Grade 5 T3,5.0,-748670,6,8.56,0.10,22.69,28.7,3.13,0.2
189,345438526,01 Aug 18,Ballarat,390m,Mixed 6/7,7.0,111766592,6,8.77,0.34,22.82,26.5,7.39,0.14285714285714285
438,1978170008,01 Feb 16,Ballarat,450m,Tier 3 - Grade 7,2.0,855980038,6,6.70,0.08,25.87,36.1,7.52,0.5
643,285201773,01 Jan 18,Ballarat,450m,Grade 7,7.0,2056920034,6,6.78,0.16,26.47,28.8,7.49,0.14285714285714285
651,285201772,01 Jan 18,Ballarat,450m,Grade 6,7.0,109032161,6,6.72,0.16,26.35,32.0,8.06,0.14285714285714285
230,345438527,01 Aug 18,Ballarat,450m,Mixed 4/5,8.0,126472002,6,6.79,0.21,26.01,25.8,10.66,0.125
570,636819607,01 Feb 21,Ballarat,450m,Tier 3 - Grade 7,4.0,360995225,6,6.86,0.18,26.03,30.0,7.43,0.25
234,345438528,01 Aug 18,Ballarat,450m,Grade 5,4.0,126530616,6,6.86,0.26,25.85,24.3,9.07,0.25
655,285201775,01 Jan 18,Ballarat,545m,Grade 5,4.0,832070015,6,7.12,0.51,31.70,25.2,8.91,0.25
662,285201770,01 Jan 18,Ballarat,450m,Grade 5,3.0,946340025,6,6.84,0.23,25.89,34.3,4.81,0.3333333333333333
179,139100145,01 Aug 16,Ballarat,390m,Grade 5 T3,5.0,-751058,6,8.74,0.23,22.86,34.9,4.10,0.2
196,345438530,01 Aug 18,Ballarat,450m,Mixed 6/7,6.0,1426150016,6,6.81,0.24,26.03,29.4,5.06,0.16666666666666666
21,422625074,01 Apr 19,Ballarat,545m,Restricted Win Aged Prize Money,6.0,251120744,6,7.06,0.28,32.34,30.6,14.91,0.16666666666666666
626,285201774,01 Jan 18,Ballarat,450m,Maiden,5.0,129684855,6,6.96,0.27,26.94,32.5,11.51,0.2
577,636819597,01 Feb 21,Ballarat,450m,Tier 3 - Restricted Win,5.0,344124377,6,7.11,0.53,26.39,31.3,13.46,0.2
336,386961893,01 Dec 18,Ballarat,450m,S/E Heat,6.0,1560270017,6,6.69,0.18,25.87,33.2,10.21,0.16666666666666666
579,636819608,01 Feb 21,Ballarat,545m,Grade 5 T3,2.0,341836817,6,7.04,0.25,31.27,32.2,0.03,0.5
71,422625065,01 Apr 19,Ballarat,390m,Grade 6 Aged Prize Money,3.0,1537040010,6,8.80,0.33,22.72,26.5,6.96,0.3333333333333333
585,636819605,01 Feb 21,Ballarat,450m,Grade 5 T3,1.0,365213974,6,6.71,0.04,25.48,36.8,0.34,1.0
427,1978170005,01 Feb 16,Ballarat,450m,Grade 5 T3,7.0,-626477,6,6.95,0.18,26.19,37.2,5.13,0.14285714285714285
591,636819606,01 Feb 21,Ballarat,450m,Grade 5 T3,1.0,329648481,6,6.64,0.00,25.47,31.8,2.64,1.0
169,139100146,01 Aug 16,Ballarat,390m,Tier 3 - Grade 6,3.0,718090042,6,8.54,0.00,22.91,29.2,6.60,0.3333333333333333
614,636819601,01 Feb 21,Ballarat,390m,Grade 5 T3,5.0,424310450,6,8.67,0.32,22.87,24.7,5.97,0.2
218,343237372,01 Aug 18,Ballarat,450m,Grade 5 Final,4.0,137473899,6,6.72,0.15,25.65,31.4,3.74,0.25
24,422625066,01 Apr 19,Ballarat,390m,Grade 7 Aged Prize Money,2.0,149399749,6,8.42,0.01,22.43,28.8,3.01,0.5
603,636819598,01 Feb 21,Ballarat,390m,Tier 3 - Restricted Win,1.0,301793393,6,8.46,0.00,22.20,32.2,4.16,1.0
212,344127988,01 Aug 18,Ballarat,450m,Maiden Final,6.0,203248189,6,6.83,0.22,25.85,31.4,9.07,0.16666666666666666
434,1978170007,01 Feb 16,Ballarat,390m,Tier 3 - Grade 7,6.0,963680119,6,8.99,0.64,22.96,30.4,9.37,0.16666666666666666
203,345438522,01 Aug 18,Ballarat,660m,Restricted Win,5.0,136719395,6,12.78,0.00,38.80,33.2,12.20,0.2
302,386961899,01 Dec 18,Ballarat,545m,Grade 5,3.0,1245880034,6,7.07,0.27,31.51,28.0,1.80,0.3333333333333333
675,285201776,01 Jan 18,Ballarat,545m,Grade 5,8.0,1092410112,6,7.36,0.67,32.23,36.7,15.10,0.125
743,513030533,01 Jan 20,Ballarat,450m,Mixed 6/7,4.0,319674595,6,6.60,0.04,25.65,27.0,3.07,0.25
358,386961890,01 Dec 18,Ballarat,450m,Mixed 4/5,7.0,161976839,6,6.68,0.16,26.30,35.0,13.74,0.14285714285714285
750,513030534,01 Jan 20,Ballarat,545m,Mixed 4/5,5.0,1579530051,6,7.29,0.60,31.61,29.8,7.21,0.2
111,139100152,01 Aug 16,Ballarat,450m,Tier 3 - Maiden,5.0,1177320001,6,7.29,0.50,26.55,35.1,7.49,0.2
380,1978170009,01 Feb 16,Ballarat,450m,Tier 3 - Maiden,6.0,959350004,6,6.79,0.14,26.38,25.5,14.16,0.16666666666666666
760,509334855,01 Jan 20,Ballarat,450m,Grade 5 Final,7.0,290719284,6,6.48,0.00,25.92,29.2,8.40,0.14285714285714285
764,513030532,01 Jan 20,Ballarat,450m,Mixed 4/5,3.0,179535928,6,6.60,0.11,25.47,27.6,4.73,0.3333333333333333
117,139100155,01 Aug 16,Ballarat,545m,Tier 3 - Grade 7,3.0,1107900064,6,7.16,0.27,32.18,29.2,2.07,0.3333333333333333
104,139100156,01 Aug 16,Ballarat,545m,Tier 3 - Maiden,6.0,1007830013,6,7.26,0.39,32.57,27.5,8.14,0.16666666666666666
88,422625064,01 Apr 19,Ballarat,390m,Aged Prize Money,6.0,1788280016,6,8.82,0.35,23.00,27.7,7.91,0.16666666666666666
373,1978170003,01 Feb 16,Ballarat,390m,Tier 3 - Maiden,6.0,556450003,6,8.91,0.47,23.64,27.4,13.86,0.16666666666666666
95,139100148,01 Aug 16,Ballarat,390m,Tier 3 - Maiden,5.0,1028790001,6,8.85,0.30,23.06,33.5,6.06,0.2
1,422625068,01 Apr 19,Ballarat,390m,Maiden Aged Prize Money,2.0,230053774,6,8.92,0.20,23.05,25.5,0.53,0.5
52,422625070,01 Apr 19,Ballarat,450m,Grade 6 Aged Prize Money,7.0,230054194,6,6.96,0.26,26.20,36.3,10.06,0.14285714285714285
778,513030527,01 Jan 20,Ballarat,450m,Restricted Win,4.0,305120525,6,6.69,0.02,26.45,33.9,5.36,0.25
784,513030529,01 Jan 20,Ballarat,390m,Grade 5,4.0,203064323,6,8.40,0.04,22.50,32.4,4.17,0.25
770,513030530,01 Jan 20,Ballarat,390m,Mixed 6/7,1.0,323686087,6,8.37,0.00,22.23,22.9,1.46,1.0
733,513030528,01 Jan 20,Ballarat,390m,Grade 5,1.0,242073682,6,8.43,0.11,22.07,29.8,0.70,1.0
731,513030526,01 Jan 20,Ballarat,450m,Maiden Heat,5.0,273935779,6,6.62,0.07,26.38,32.0,11.16,0.2
387,1978170004,01 Feb 16,Ballarat,390m,Tier 3 - Maiden,5.0,792830053,6,8.67,0.27,23.14,28.4,6.89,0.2
408,1978170011,01 Feb 16,Ballarat,545m,Grade 5 T3,2.0,-734931,6,6.91,0.12,31.61,32.4,2.38,0.5
238,345438531,01 Aug 18,Ballarat,545m,Mixed 4/5,1.0,111277127,6,6.88,0.12,31.00,36.6,4.50,1.0
14,422625072,01 Apr 19,Ballarat,450m,Maiden Aged Prize Money,7.0,248104724,6,7.05,0.32,26.74,27.5,15.10,0.14285714285714285
404,1978170006,01 Feb 16,Ballarat,450m,Grade 5 T3,6.0,259430010,6,6.70,0.01,26.31,33.3,11.59,0.16666666666666666
152,139100151,01 Aug 16,Ballarat,450m,Tier 3 - Grade 7,2.0,788360052,6,6.87,0.08,26.07,31.6,1.23,0.5
688,285201765,01 Jan 18,Ballarat,390m,Mixed 6/7,6.0,550180001,6,8.67,0.15,23.36,31.5,9.17,0.16666666666666666
149,139100149,01 Aug 16,Ballarat,450m,Grade 5 T3,6.0,169720024,6,7.01,0.22,26.34,27.3,6.26,0.16666666666666666
696,285201768,01 Jan 18,Ballarat,390m,Grade 5,7.0,1670530001,6,8.74,0.40,22.96,31.7,11.53,0.14285714285714285
344,386961896,01 Dec 18,Ballarat,450m,S/E Heat,7.0,142641716,6,6.69,0.16,26.27,29.8,16.56,0.14285714285714285
701,285201766,01 Jan 18,Ballarat,390m,Mixed 4/5,4.0,1417590060,6,8.50,0.29,22.29,32.2,2.13,0.25
346,386961891,01 Dec 18,Ballarat,450m,S/E Heat,2.0,2082670034,6,6.59,0.01,25.50,32.6,1.24,0.5
397,1978170000,01 Feb 16,Ballarat,545m,Tier 3 - Restricted Win,7.0,940060018,6,7.12,0.32,32.18,29.6,7.00,0.14285714285714285
82,422625063,01 Apr 19,Ballarat,390m,Aged Prize Money,8.0,151438342,6,9.01,0.56,23.58,29.3,17.56,0.125
710,285201767,01 Jan 18,Ballarat,390m,Grade 5,5.0,257120016,6,8.58,0.21,22.50,33.3,4.81,0.2
137,139100154,01 Aug 16,Ballarat,545m,Tier 3 - Grade 6,1.0,693950003,6,7.42,0.62,31.71,36.8,3.26,1.0
722,513030525,01 Jan 20,Ballarat,450m,Maiden Heat,4.0,341855349,6,6.98,0.49,26.05,31.7,6.20,0.25
129,139100150,01 Aug 16,Ballarat,450m,Tier 3 - Grade 6,7.0,563440030,6,6.98,0.23,26.77,38.8,8.16,0.14285714285714285
164,139100147,01 Aug 16,Ballarat,390m,Tier 3 - Grade 7,6.0,-748599,6,8.85,0.26,23.16,23.0,7.23,0.16666666666666666
564,636819600,01 Feb 21,Ballarat,390m,Tier 3 - Restricted Win,5.0,434800116,6,8.46,0.00,22.74,26.0,3.53,0.2
366,386961889,01 Dec 18,Ballarat,390m,Mixed 4/5,7.0,130879764,6,8.65,0.29,22.63,31.2,4.94,0.14285714285714285
518,193436622,01 Feb 17,Ballarat,545m,Mixed 4/5,5.0,219770106,6,6.99,0.33,31.32,31.9,7.33,0.2
491,192952203,01 Feb 17,Ballarat,450m,Mixed 6/7 Final,8.0,1238510086,6,6.88,0.32,25.75,32.5,10.51,0.125
286,386961898,01 Dec 18,Ballarat,450m,S/E Heat,3.0,119979981,6,6.69,0.06,25.54,32.2,5.00,0.3333333333333333
446,1978170010,01 Feb 16,Ballarat,390m,Tier 3 - Grade 6,2.0,203160017,6,8.40,0.00,22.75,31.9,3.60,0.5
38,422625069,01 Apr 19,Ballarat,450m,Aged Prize Money,1.0,1550690075,6,6.76,0.12,25.82,33.4,0.66,1.0
496,193436612,01 Feb 17,Ballarat,450m,S/E Heat,5.0,1389730046,6,6.88,0.37,25.81,25.9,5.57,0.2
67,422625067,01 Apr 19,Ballarat,390m,Grade 7 Aged Prize Money,6.0,149705829,6,8.93,0.32,23.11,27.8,7.16,0.16666666666666666
542,193436614,01 Feb 17,Ballarat,450m,S/E Heat,7.0,1199470021,6,6.74,0.17,26.28,29.6,11.51,0.14285714285714285
37,422625071,01 Apr 19,Ballarat,450m,Grade 7 Aged Prize Money,7.0,134854677,6,6.96,0.27,26.62,28.4,13.24,0.14285714285714285
250,345438529,01 Aug 18,Ballarat,450m,Grade 5,7.0,1550070062,6,6.72,0.11,26.12,31.5,6.29,0.14285714285714285
502,193436618,01 Feb 17,Ballarat,450m,Mixed 4/5,4.0,1581270091,6,6.79,0.30,25.68,30.7,8.93,0.25
278,386961888,01 Dec 18,Ballarat,450m,Restricted Win,3.0,126530633,6,7.00,0.35,26.12,25.7,3.69,0.3333333333333333
314,386961894,01 Dec 18,Ballarat,450m,S/E Heat,7.0,186628515,6,6.74,0.25,25.99,27.3,14.73,0.14285714285714285
259,345438523,01 Aug 18,Ballarat,390m,Mixed 4/5,8.0,167542423,6,8.62,0.30,22.79,26.6,12.24,0.125
513,193436619,01 Feb 17,Ballarat,450m,Grade 5,8.0,1206210173,6,6.74,0.19,25.96,28.0,10.53,0.125
316,386961892,01 Dec 18,Ballarat,450m,S/E Heat,2.0,108391454,6,6.62,0.16,25.14,32.8,1.41,0.5
531,193436613,01 Feb 17,Ballarat,450m,S/E Heat,2.0,1136220033,6,6.89,0.20,25.83,32.5,2.76,0.5
268,345438525,01 Aug 18,Ballarat,390m,Grade 5,1.0,116082721,6,8.30,0.00,22.19,27.0,0.70,1.0
266,345438524,01 Aug 18,Ballarat,390m,Grade 5,7.0,1328610013,6,8.73,0.26,22.97,30.5,11.64,0.14285714285714285
457,1978170002,01 Feb 16,Ballarat,390m,Grade 5 T3,5.0,-737950,6,8.70,0.19,22.72,30.8,3.16,0.2
462,193436621,01 Feb 17,Ballarat,450m,Maiden,2.0,1486670036,6,6.95,0.27,25.98,31.8,2.24,0.5
527,193436616,01 Feb 17,Ballarat,390m,Mixed 4/5,6.0,169720032,6,8.57,0.23,22.77,32.0,9.36,0.16666666666666666
554,636819603,01 Feb 21,Ballarat,390m,Tier 3 - Maiden,6.0,359294662,6,8.96,0.33,23.50,23.6,10.30,0.16666666666666666
60,422625073,01 Apr 19,Ballarat,545m,Restricted Win Aged Prize Money,7.0,192407553,6,7.06,0.23,32.43,26.5,15.07,0.14285714285714285
296,386961897,01 Dec 18,Ballarat,450m,S/E Heat,5.0,148673803,6,6.65,0.21,25.62,34.3,5.43,0.2
474,193436617,01 Feb 17,Ballarat,390m,Mixed 6/7,6.0,1158650005,6,8.62,0.23,22.77,28.6,9.66,0.16666666666666666
480,193436620,01 Feb 17,Ballarat,450m,Mixed 6/7,4.0,1295000010,6,6.90,0.17,26.15,29.8,8.36,0.25
315,386961892,01 Dec 18,Ballarat,450m,S/E Heat,1.0,126471999,7,6.46,0.00,25.04,27.8,1.41,1.0
158,139100151,01 Aug 16,Ballarat,450m,Tier 3 - Grade 7,8.0,718090046,7,6.98,0.19,26.69,28.4,10.10,0.125
681,285201769,01 Jan 18,Ballarat,450m,Mixed 4/5,6.0,1209110034,7,6.79,0.28,25.94,34.4,8.53,0.16666666666666666
514,193436622,01 Feb 17,Ballarat,545m,Mixed 4/5,1.0,946340025,7,6.66,0.00,30.81,34.0,2.31,1.0
291,386961898,01 Dec 18,Ballarat,450m,S/E Heat,8.0,170757836,7,6.78,0.15,25.73,33.3,7.69,0.125
403,1978170006,01 Feb 16,Ballarat,450m,Grade 5 T3,5.0,-735284,7,6.74,0.05,26.22,33.6,10.27,0.2
80,422625063,01 Apr 19,Ballarat,390m,Aged Prize Money,6.0,1912130003,7,8.78,0.33,22.91,35.2,8.03,0.16666666666666666
692,285201768,01 Jan 18,Ballarat,390m,Grade 5,3.0,954250032,7,8.71,0.37,22.75,34.8,8.54,0.3333333333333333
150,139100149,01 Aug 16,Ballarat,450m,Grade 5 T3,7.0,-745763,7,6.93,0.14,26.51,34.5,8.69,0.14285714285714285
510,193436619,01 Feb 17,Ballarat,450m,Grade 5,5.0,839590069,7,6.69,0.14,25.77,26.9,7.83,0.2
683,285201765,01 Jan 18,Ballarat,390m,Mixed 6/7,1.0,1916600011,7,8.56,0.04,22.72,30.9,1.49,1.0
310,386961894,01 Dec 18,Ballarat,450m,S/E Heat,3.0,183878561,7,6.89,0.40,25.17,34.8,3.00,0.3333333333333333
301,386961899,01 Dec 18,Ballarat,545m,Grade 5,2.0,1721190126,7,7.03,0.23,31.46,31.1,1.07,0.5
162,139100147,01 Aug 16,Ballarat,390m,Tier 3 - Grade 7,4.0,790680085,7,8.73,0.14,22.98,32.3,4.73,0.25
779,513030527,01 Jan 20,Ballarat,450m,Restricted Win,5.0,242073685,7,6.77,0.10,26.61,27.3,7.63,0.2
270,345438525,01 Aug 18,Ballarat,390m,Grade 5,3.0,183878548,7,8.56,0.26,22.36,32.1,2.36,0.3333333333333333
671,285201776,01 Jan 18,Ballarat,545m,Grade 5,4.0,1137360000,7,7.06,0.37,31.90,37.5,10.36,0.25
48,422625070,01 Apr 19,Ballarat,450m,Grade 6 Aged Prize Money,3.0,1976880009,7,6.75,0.05,25.74,29.4,3.49,0.3333333333333333
663,285201770,01 Jan 18,Ballarat,450m,Grade 5,4.0,1407960014,7,6.70,0.09,25.93,27.5,5.39,0.25
92,139100148,01 Aug 16,Ballarat,390m,Tier 3 - Maiden,2.0,883010032,7,8.60,0.05,22.79,27.7,2.26,0.5
412,1978170011,01 Feb 16,Ballarat,545m,Grade 5 T3,6.0,-745763,7,7.29,0.50,31.84,34.7,5.90,0.16666666666666666
340,386961896,01 Dec 18,Ballarat,450m,S/E Heat,3.0,1910400004,7,6.85,0.32,25.58,32.7,6.66,0.3333333333333333
174,139100146,01 Aug 16,Ballarat,390m,Tier 3 - Grade 6,8.0,-742758,7,9.00,0.46,23.40,23.2,13.61,0.125
783,513030529,01 Jan 20,Ballarat,390m,Grade 5,3.0,273589594,7,8.54,0.18,22.49,28.6,4.13,0.3333333333333333
654,285201775,01 Jan 18,Ballarat,545m,Grade 5,3.0,861630035,7,7.05,0.44,31.69,31.9,8.81,0.3333333333333333
524,193436616,01 Feb 17,Ballarat,390m,Mixed 4/5,3.0,771030065,7,8.61,0.27,22.54,36.7,6.07,0.3333333333333333
372,1978170003,01 Feb 16,Ballarat,390m,Tier 3 - Maiden,5.0,-746086,7,8.84,0.40,23.22,33.3,7.27,0.2
698,285201766,01 Jan 18,Ballarat,390m,Mixed 4/5,1.0,1937340038,7,8.28,0.07,22.15,31.7,0.73,1.0
476,193436617,01 Feb 17,Ballarat,390m,Mixed 6/7,8.0,1534280018,7,8.72,0.33,22.92,26.0,11.91,0.125
463,193436621,01 Feb 17,Ballarat,450m,Maiden,3.0,1474730014,7,6.84,0.16,26.07,32.2,3.51,0.3333333333333333
4,422625068,01 Apr 19,Ballarat,390m,Maiden Aged Prize Money,5.0,214382436,7,8.95,0.23,23.28,27.7,3.90,0.2
487,192952203,01 Feb 17,Ballarat,450m,Mixed 6/7 Final,4.0,1591690037,7,6.67,0.11,25.52,23.3,7.16,0.25
747,513030534,01 Jan 20,Ballarat,545m,Mixed 4/5,2.0,231587252,7,7.25,0.56,31.52,28.8,5.87,0.5
115,139100155,01 Aug 16,Ballarat,545m,Tier 3 - Grade 7,1.0,-751738,7,7.05,0.16,32.03,32.7,1.74,1.0
741,513030533,01 Jan 20,Ballarat,450m,Mixed 6/7,2.0,231587255,7,6.56,0.00,25.60,26.8,2.31,0.5
108,139100152,01 Aug 16,Ballarat,450m,Tier 3 - Maiden,2.0,1237400057,7,7.08,0.29,26.25,28.8,3.16,0.5
379,1978170009,01 Feb 16,Ballarat,450m,Tier 3 - Maiden,5.0,542240012,7,7.00,0.35,26.37,30.0,14.00,0.2
758,509334855,01 Jan 20,Ballarat,450m,Grade 5 Final,5.0,318755750,7,6.66,0.18,25.89,31.4,7.87,0.2
354,386961890,01 Dec 18,Ballarat,450m,Mixed 4/5,3.0,201710120,7,6.77,0.25,25.66,27.9,4.61,0.3333333333333333
386,1978170004,01 Feb 16,Ballarat,390m,Tier 3 - Maiden,4.0,252830015,7,8.59,0.19,23.08,31.4,6.03,0.25
494,193436612,01 Feb 17,Ballarat,450m,S/E Heat,3.0,1136220028,7,6.69,0.18,25.68,29.6,3.76,0.3333333333333333
763,513030532,01 Jan 20,Ballarat,450m,Mixed 4/5,2.0,190934616,7,6.69,0.20,25.33,34.1,2.80,0.5
124,139100150,01 Aug 16,Ballarat,450m,Tier 3 - Grade 6,2.0,673190026,7,6.75,0.00,26.28,31.2,1.20,0.5
11,422625072,01 Apr 19,Ballarat,450m,Maiden Aged Prize Money,4.0,248770554,7,6.73,0.00,26.46,25.8,11.14,0.25
725,513030525,01 Jan 20,Ballarat,450m,Maiden Heat,7.0,350250105,7,6.75,0.26,26.47,29.1,12.21,0.14285714285714285
499,193436618,01 Feb 17,Ballarat,450m,Mixed 4/5,1.0,963700085,7,6.49,0.00,25.05,33.2,2.27,1.0
297,386961897,01 Dec 18,Ballarat,450m,S/E Heat,6.0,757840010,7,6.82,0.38,25.64,34.0,5.74,0.16666666666666666
178,139100145,01 Aug 16,Ballarat,390m,Grade 5 T3,4.0,219770099,7,8.81,0.30,22.82,25.0,3.53,0.25
717,513030531,01 Jan 20,Ballarat,390m,Maiden,4.0,127028585,7,8.62,0.04,22.99,27.0,2.03,0.25
350,386961891,01 Dec 18,Ballarat,450m,S/E Heat,6.0,172047912,7,6.71,0.13,26.16,32.8,10.74,0.16666666666666666
395,1978170000,01 Feb 16,Ballarat,545m,Tier 3 - Restricted Win,5.0,587100014,7,7.37,0.57,31.95,33.5,3.35,0.2
361,386961889,01 Dec 18,Ballarat,390m,Mixed 4/5,2.0,1936980014,7,8.51,0.15,22.34,24.4,0.70,0.5
99,139100156,01 Aug 16,Ballarat,545m,Tier 3 - Maiden,1.0,950180015,7,7.03,0.16,32.00,33.7,1.51,1.0
712,285201767,01 Jan 18,Ballarat,390m,Grade 5,7.0,1435300018,7,8.74,0.37,22.67,32.2,7.30,0.14285714285714285
477,193436620,01 Feb 17,Ballarat,450m,Mixed 6/7,1.0,1591720049,7,6.74,0.01,25.56,28.0,3.54,1.0
282,386961888,01 Dec 18,Ballarat,450m,Restricted Win,7.0,2077970001,7,7.04,0.39,26.44,35.5,8.27,0.14285714285714285
141,139100154,01 Aug 16,Ballarat,545m,Tier 3 - Grade 6,5.0,208690023,7,7.25,0.45,32.28,34.6,8.10,0.2
55,422625073,01 Apr 19,Ballarat,545m,Restricted Win Aged Prize Money,2.0,1177320013,7,7.06,0.23,31.41,34.2,0.49,0.5
459,1978170002,01 Feb 16,Ballarat,390m,Grade 5 T3,7.0,172830039,7,8.51,0.00,23.01,27.1,7.71,0.14285714285714285
134,139100153,01 Aug 16,Ballarat,545m,Grade 5 T3,6.0,422220002,7,7.12,0.24,32.22,28.6,5.19,0.16666666666666666
45,422625069,01 Apr 19,Ballarat,450m,Aged Prize Money,8.0,1334020065,7,6.89,0.25,26.42,36.7,8.49,0.125
628,285201774,01 Jan 18,Ballarat,450m,Maiden,7.0,132384249,7,6.84,0.15,27.85,28.0,24.50,0.14285714285714285
194,345438530,01 Aug 18,Ballarat,450m,Mixed 6/7,4.0,126153838,7,6.81,0.24,25.90,31.3,3.23,0.25
260,345438524,01 Aug 18,Ballarat,390m,Grade 5,1.0,882960008,7,8.47,0.00,22.16,33.3,1.30,1.0
535,193436613,01 Feb 17,Ballarat,450m,S/E Heat,6.0,1092420023,7,6.86,0.17,26.28,27.5,9.19,0.16666666666666666
445,1978170010,01 Feb 16,Ballarat,390m,Tier 3 - Grade 6,1.0,763790062,7,8.46,0.06,22.52,25.8,3.60,1.0
538,193436614,01 Feb 17,Ballarat,450m,S/E Heat,3.0,1524380021,7,6.57,0.00,25.56,28.8,1.21,0.3333333333333333
248,345438529,01 Aug 18,Ballarat,450m,Grade 5,5.0,1590360001,7,6.86,0.25,25.99,30.5,4.44,0.2
200,345438522,01 Aug 18,Ballarat,660m,Restricted Win,2.0,109975011,7,13.20,0.42,38.49,32.0,7.79,0.5
583,636819608,01 Feb 21,Ballarat,545m,Grade 5 T3,6.0,331308295,7,7.05,0.26,31.65,32.2,5.46,0.16666666666666666
425,1978170005,01 Feb 16,Ballarat,450m,Grade 5 T3,5.0,-729025,7,6.77,0.00,26.06,30.0,3.10,0.2
224,345438527,01 Aug 18,Ballarat,450m,Mixed 4/5,2.0,109032166,7,6.70,0.12,25.31,33.0,0.69,0.5
586,636819605,01 Feb 21,Ballarat,450m,Grade 5 T3,2.0,445006775,7,6.67,0.00,25.50,33.8,0.34,0.5
617,636819602,01 Feb 21,Ballarat,390m,Grade 5 T3,1.0,227854801,7,8.75,0.26,22.57,34.1,0.20,1.0
256,345438523,01 Aug 18,Ballarat,390m,Mixed 4/5,5.0,1936980014,7,8.43,0.11,22.23,24.5,4.27,0.2
23,422625066,01 Apr 19,Ballarat,390m,Grade 7 Aged Prize Money,1.0,204414554,7,8.41,0.00,22.21,30.6,3.01,1.0
611,636819601,01 Feb 21,Ballarat,390m,Grade 5 T3,2.0,400457363,7,8.61,0.26,22.65,31.3,2.71,0.5
609,636819598,01 Feb 21,Ballarat,390m,Tier 3 - Restricted Win,7.0,354609886,7,8.74,0.28,22.92,28.4,10.17,0.14285714285714285
431,1978170007,01 Feb 16,Ballarat,390m,Tier 3 - Grade 7,3.0,243250024,7,8.60,0.25,22.64,34.2,4.21,0.3333333333333333
217,343237372,01 Aug 18,Ballarat,450m,Grade 5 Final,3.0,121002025,7,6.58,0.01,25.50,37.1,1.66,0.3333333333333333
649,285201772,01 Jan 18,Ballarat,450m,Grade 6,5.0,114599756,7,6.75,0.19,26.27,26.9,6.91,0.2
211,344127988,01 Aug 18,Ballarat,450m,Maiden Final,5.0,192414061,7,6.72,0.11,25.69,32.3,6.80,0.2
545,193436615,01 Feb 17,Ballarat,450m,S/E Heat,3.0,1408490012,7,6.77,0.18,25.68,29.0,3.25,0.3333333333333333
594,636819606,01 Feb 21,Ballarat,450m,Grade 5 T3,4.0,417040420,7,6.84,0.20,25.74,33.6,3.77,0.25
327,386961895,01 Dec 18,Ballarat,450m,S/E Heat,5.0,1641920020,7,6.74,0.33,25.52,33.7,8.01,0.2
70,422625065,01 Apr 19,Ballarat,390m,Grade 6 Aged Prize Money,2.0,2145330028,7,8.63,0.16,22.39,27.3,2.20,0.5
337,386961893,01 Dec 18,Ballarat,450m,S/E Heat,7.0,1276990079,7,7.08,0.57,25.89,33.2,10.44,0.14285714285714285
443,1978170008,01 Feb 16,Ballarat,450m,Tier 3 - Grade 7,7.0,-751742,7,6.73,0.11,26.32,31.7,14.63,0.14285714285714285
572,636819607,01 Feb 21,Ballarat,450m,Tier 3 - Grade 7,6.0,315935641,7,6.83,0.15,26.14,29.2,9.06,0.16666666666666666
188,345438526,01 Aug 18,Ballarat,390m,Mixed 6/7,6.0,1462790002,7,8.77,0.34,22.75,33.5,6.39,0.16666666666666666
418,1978170001,01 Feb 16,Ballarat,390m,Grade 5 T3,4.0,-751094,7,8.62,0.16,22.58,34.7,1.33,0.25
639,285201773,01 Jan 18,Ballarat,450m,Grade 7,3.0,118762561,7,6.62,0.00,25.98,32.2,0.56,0.3333333333333333
233,345438528,01 Aug 18,Ballarat,450m,Grade 5,3.0,2002170008,7,6.76,0.16,25.68,29.2,6.57,0.3333333333333333
560,636819600,01 Feb 21,Ballarat,390m,Tier 3 - Restricted Win,1.0,376413836,7,8.65,0.19,22.49,32.2,3.17,1.0
18,422625074,01 Apr 19,Ballarat,545m,Restricted Win Aged Prize Money,3.0,152915721,7,7.10,0.32,32.05,32.3,10.71,0.3333333333333333
33,422625071,01 Apr 19,Ballarat,450m,Grade 7 Aged Prize Money,3.0,280075548,7,6.70,0.01,25.90,27.3,2.97,0.3333333333333333
241,345438531,01 Aug 18,Ballarat,545m,Mixed 4/5,4.0,126153807,7,6.83,0.07,31.43,32.2,6.13,0.25
635,285201771,01 Jan 18,Ballarat,545m,Mixed 6/7,6.0,128597696,7,7.14,0.43,32.36,32.7,11.87,0.16666666666666666
89,422625064,01 Apr 19,Ballarat,390m,Aged Prize Money,7.0,1590360001,7,8.79,0.32,23.06,30.7,8.77,0.14285714285714285
558,636819604,01 Feb 21,Ballarat,390m,Tier 3 - Maiden,4.0,442103448,7,8.91,0.47,22.98,23.8,7.47,0.25
590,636819605,01 Feb 21,Ballarat,450m,Grade 5 T3,6.0,344124376,8,6.80,0.13,25.99,33.7,7.34,0.16666666666666666
471,193436617,01 Feb 17,Ballarat,390m,Mixed 6/7,3.0,1238510098,8,8.53,0.14,22.42,25.9,4.66,0.3333333333333333
249,345438529,01 Aug 18,Ballarat,450m,Grade 5,6.0,1574550003,8,6.74,0.13,26.02,31.9,4.81,0.16666666666666666
5,422625068,01 Apr 19,Ballarat,390m,Maiden Aged Prize Money,6.0,118021578,8,8.72,0.00,23.29,34.2,3.97,0.16666666666666666
29,422625066,01 Apr 19,Ballarat,390m,Grade 7 Aged Prize Money,7.0,254393778,8,8.72,0.31,22.80,24.1,8.33,0.14285714285714285
39,422625069,01 Apr 19,Ballarat,450m,Aged Prize Money,2.0,132384245,8,6.71,0.07,25.87,27.9,0.66,0.5
769,513030532,01 Jan 20,Ballarat,450m,Mixed 4/5,8.0,256198378,8,6.90,0.41,26.27,27.4,16.19,0.125
561,636819600,01 Feb 21,Ballarat,390m,Tier 3 - Restricted Win,2.0,439250756,8,8.50,0.04,22.71,30.7,3.17,0.5
466,193436621,01 Feb 17,Ballarat,450m,Maiden,6.0,1295030013,8,6.68,0.00,26.28,34.4,6.59,0.16666666666666666
120,139100155,01 Aug 16,Ballarat,545m,Tier 3 - Grade 7,6.0,962780020,8,7.14,0.25,32.38,31.0,5.00,0.16666666666666666
85,422625064,01 Apr 19,Ballarat,390m,Aged Prize Money,3.0,2018280003,8,8.73,0.26,22.68,33.4,3.34,0.3333333333333333
369,1978170003,01 Feb 16,Ballarat,390m,Tier 3 - Maiden,2.0,806680035,8,8.69,0.25,23.09,31.6,5.16,0.5
735,513030528,01 Jan 20,Ballarat,390m,Grade 5,3.0,250697395,8,8.43,0.11,22.30,32.2,3.30,0.3333333333333333
595,636819606,01 Feb 21,Ballarat,450m,Grade 5 T3,5.0,284813014,8,6.89,0.25,25.79,27.5,4.50,0.2
492,193436612,01 Feb 17,Ballarat,450m,S/E Heat,1.0,1238520089,8,6.51,0.00,25.42,26.7,2.79,1.0
732,513030526,01 Jan 20,Ballarat,450m,Maiden Heat,6.0,350250107,8,6.79,0.24,26.70,31.0,15.73,0.16666666666666666
91,139100148,01 Aug 16,Ballarat,390m,Tier 3 - Maiden,1.0,887800012,8,8.69,0.14,22.63,30.0,2.26,1.0
782,513030529,01 Jan 20,Ballarat,390m,Grade 5,2.0,298886080,8,8.61,0.25,22.37,28.5,2.36,0.5
356,386961890,01 Dec 18,Ballarat,450m,Mixed 4/5,5.0,2036660000,8,6.85,0.33,25.94,32.2,8.53,0.2
325,386961895,01 Dec 18,Ballarat,450m,S/E Heat,3.0,113531156,8,6.67,0.26,25.49,34.8,7.60,0.3333333333333333
114,139100152,01 Aug 16,Ballarat,450m,Tier 3 - Maiden,8.0,1158650004,8,7.04,0.25,26.83,27.0,11.49,0.125
101,139100156,01 Aug 16,Ballarat,545m,Tier 3 - Maiden,3.0,-745085,8,6.87,0.00,32.24,30.1,3.49,0.3333333333333333
442,1978170008,01 Feb 16,Ballarat,450m,Tier 3 - Grade 7,6.0,940060017,8,6.80,0.18,26.19,29.3,12.56,0.16666666666666666
367,386961889,01 Dec 18,Ballarat,390m,Mixed 4/5,8.0,1281000021,8,8.58,0.22,22.82,29.5,7.69,0.125
478,193436620,01 Feb 17,Ballarat,450m,Mixed 6/7,2.0,1238520079,8,6.74,0.01,25.81,32.7,3.54,0.5
68,422625067,01 Apr 19,Ballarat,390m,Grade 7 Aged Prize Money,7.0,219141421,8,8.83,0.22,23.23,25.8,8.77,0.14285714285714285
771,513030530,01 Jan 20,Ballarat,390m,Mixed 6/7,2.0,339658973,8,8.42,0.05,22.33,23.8,1.46,0.5
228,345438527,01 Aug 18,Ballarat,450m,Mixed 4/5,6.0,1820620002,8,6.79,0.21,25.60,32.7,4.84,0.16666666666666666
51,422625070,01 Apr 19,Ballarat,450m,Grade 6 Aged Prize Money,6.0,1343120008,8,6.84,0.14,25.98,27.9,6.84,0.16666666666666666
295,386961897,01 Dec 18,Ballarat,450m,S/E Heat,4.0,1910400006,8,6.76,0.32,25.53,34.3,4.10,0.25
759,509334855,01 Jan 20,Ballarat,450m,Grade 5 Final,6.0,142641716,8,6.67,0.19,25.90,29.5,8.10,0.16666666666666666
581,636819608,01 Feb 21,Ballarat,545m,Grade 5 T3,4.0,214384921,8,7.10,0.31,31.58,30.4,4.44,0.25
573,636819597,01 Feb 21,Ballarat,450m,Tier 3 - Restricted Win,1.0,465422500,8,6.69,0.11,25.45,29.5,1.89,1.0
559,636819604,01 Feb 21,Ballarat,390m,Tier 3 - Maiden,5.0,442932100,8,8.83,0.39,23.40,37.5,13.36,0.2
235,345438528,01 Aug 18,Ballarat,450m,Grade 5,5.0,1426150012,8,6.72,0.12,25.91,33.1,9.90,0.2
551,636819603,01 Feb 21,Ballarat,390m,Tier 3 - Maiden,3.0,293230295,8,8.63,0.00,23.11,31.3,4.74,0.3333333333333333
752,513030534,01 Jan 20,Ballarat,545m,Mixed 4/5,7.0,224871351,8,6.83,0.14,31.82,31.0,10.23,0.14285714285714285
290,386961898,01 Dec 18,Ballarat,450m,S/E Heat,7.0,1805750022,8,6.89,0.26,25.69,31.9,7.13,0.14285714285714285
486,192952203,01 Feb 17,Ballarat,450m,Mixed 6/7 Final,3.0,1474670094,8,6.67,0.11,25.49,31.6,6.80,0.3333333333333333
222,343237372,01 Aug 18,Ballarat,450m,Grade 5 Final,8.0,1426130010,8,6.71,0.14,25.93,29.6,7.71,0.125
72,422625065,01 Apr 19,Ballarat,390m,Grade 6 Aged Prize Money,4.0,230054225,8,8.72,0.25,22.75,30.0,7.31,0.25
378,1978170009,01 Feb 16,Ballarat,450m,Tier 3 - Maiden,4.0,701340050,8,6.79,0.14,25.91,31.2,6.67,0.25
526,193436616,01 Feb 17,Ballarat,390m,Mixed 4/5,5.0,896030000,8,8.80,0.46,22.73,31.6,8.86,0.2
432,1978170007,01 Feb 16,Ballarat,390m,Tier 3 - Grade 7,4.0,257120019,8,8.61,0.26,22.72,34.4,5.57,0.25
305,386961899,01 Dec 18,Ballarat,545m,Grade 5,6.0,1284200020,8,6.84,0.04,31.63,33.6,3.40,0.16666666666666666
533,193436613,01 Feb 17,Ballarat,450m,S/E Heat,4.0,1155400006,8,6.90,0.21,25.97,26.4,4.64,0.25
632,285201771,01 Jan 18,Ballarat,545m,Mixed 6/7,3.0,1997140003,8,6.87,0.16,31.74,28.6,2.97,0.3333333333333333
261,345438524,01 Aug 18,Ballarat,390m,Grade 5,2.0,116082716,8,8.52,0.05,22.25,32.4,1.30,0.5
678,285201769,01 Jan 18,Ballarat,450m,Mixed 4/5,3.0,2057590003,8,6.60,0.09,25.49,34.3,2.00,0.3333333333333333
317,386961892,01 Dec 18,Ballarat,450m,S/E Heat,3.0,109835235,8,6.63,0.17,25.21,31.6,2.46,0.3333333333333333
240,345438531,01 Aug 18,Ballarat,545m,Mixed 4/5,3.0,147858644,8,6.76,0.00,31.42,33.3,6.00,0.3333333333333333
637,285201773,01 Jan 18,Ballarat,450m,Grade 7,1.0,1782950009,8,6.66,0.04,25.95,34.5,0.54,1.0
672,285201776,01 Jan 18,Ballarat,545m,Grade 5,5.0,1426130021,8,7.08,0.39,32.04,35.5,12.41,0.2
520,193436622,01 Feb 17,Ballarat,545m,Mixed 4/5,7.0,302430027,8,6.91,0.25,31.62,35.1,11.69,0.14285714285714285
166,139100147,01 Aug 16,Ballarat,390m,Tier 3 - Grade 7,8.0,1039400004,8,8.82,0.23,23.20,30.2,7.90,0.125
257,345438523,01 Aug 18,Ballarat,390m,Mixed 4/5,6.0,1457700115,8,8.64,0.32,22.35,31.9,6.01,0.16666666666666666
410,1978170011,01 Feb 16,Ballarat,545m,Grade 5 T3,4.0,257120013,8,6.88,0.09,31.70,26.4,3.68,0.25
167,139100146,01 Aug 16,Ballarat,390m,Tier 3 - Grade 6,1.0,327600004,8,8.65,0.11,22.45,29.0,6.27,1.0
269,345438525,01 Aug 18,Ballarat,390m,Grade 5,2.0,126153827,8,8.39,0.09,22.24,32.9,0.70,0.5
187,345438526,01 Aug 18,Ballarat,390m,Mixed 6/7,5.0,147858628,8,8.68,0.25,22.60,33.1,4.19,0.2
16,422625074,01 Apr 19,Ballarat,545m,Restricted Win Aged Prize Money,1.0,240409892,8,6.78,0.00,31.30,26.5,4.34,1.0
448,1978170010,01 Feb 16,Ballarat,390m,Tier 3 - Grade 6,4.0,426660001,8,8.78,0.38,22.81,32.7,4.62,0.25
56,422625073,01 Apr 19,Ballarat,545m,Restricted Win Aged Prize Money,3.0,2088850018,8,6.90,0.07,31.51,24.8,1.90,0.3333333333333333
339,386961896,01 Dec 18,Ballarat,450m,S/E Heat,2.0,203248195,8,6.66,0.13,25.29,36.5,2.53,0.5
656,285201775,01 Jan 18,Ballarat,545m,Grade 5,5.0,1992610006,8,7.01,0.40,31.77,33.1,9.99,0.2
181,139100145,01 Aug 16,Ballarat,390m,Grade 5 T3,7.0,256990051,8,8.88,0.37,22.92,31.8,4.94,0.14285714285714285
416,1978170001,01 Feb 16,Ballarat,390m,Grade 5 T3,2.0,-750621,8,8.55,0.09,22.49,35.1,0.03,0.5
648,285201772,01 Jan 18,Ballarat,450m,Grade 6,4.0,1873790014,8,6.74,0.18,26.15,35.1,5.24,0.25
667,285201770,01 Jan 18,Ballarat,450m,Grade 5,8.0,892600001,8,6.84,0.23,26.70,32.3,16.36,0.125
624,285201774,01 Jan 18,Ballarat,450m,Maiden,3.0,124927356,8,6.77,0.08,26.31,29.3,2.47,0.3333333333333333
511,193436619,01 Feb 17,Ballarat,450m,Grade 5,6.0,1092410054,8,6.88,0.33,25.84,33.5,8.76,0.16666666666666666
402,1978170006,01 Feb 16,Ballarat,450m,Grade 5 T3,4.0,-748683,8,6.70,0.01,26.18,28.3,9.59,0.25
127,139100150,01 Aug 16,Ballarat,450m,Tier 3 - Grade 6,5.0,718090043,8,6.84,0.09,26.55,30.9,5.10,0.2
601,636819599,01 Feb 21,Ballarat,390m,Tier 3 - Restricted Win,3.0,315935643,8,8.64,0.18,22.65,29.1,4.39,0.3333333333333333
391,1978170000,01 Feb 16,Ballarat,545m,Tier 3 - Restricted Win,1.0,209740024,8,6.86,0.06,31.74,33.8,0.52,1.0
544,193436615,01 Feb 17,Ballarat,450m,S/E Heat,2.0,1238520120,8,6.59,0.00,25.56,27.2,1.50,0.5
721,513030525,01 Jan 20,Ballarat,450m,Maiden Heat,3.0,338107391,8,6.75,0.26,25.80,31.6,2.57,0.3333333333333333
210,344127988,01 Aug 18,Ballarat,450m,Maiden Final,4.0,195110444,8,6.83,0.22,25.58,36.6,5.21,0.25
608,636819598,01 Feb 21,Ballarat,390m,Tier 3 - Restricted Win,6.0,437915085,8,8.68,0.22,22.79,34.5,8.43,0.16666666666666666
458,1978170002,01 Feb 16,Ballarat,390m,Grade 5 T3,6.0,-748303,8,8.67,0.16,22.91,36.4,6.06,0.16666666666666666
138,139100154,01 Aug 16,Ballarat,545m,Tier 3 - Grade 6,2.0,850590007,8,7.17,0.37,31.94,28.7,3.26,0.5
428,1978170005,01 Feb 16,Ballarat,450m,Grade 5 T3,8.0,-741811,8,6.92,0.15,26.40,24.5,8.46,0.125
541,193436614,01 Feb 17,Ballarat,450m,S/E Heat,6.0,1360060234,8,6.70,0.13,26.07,25.5,8.44,0.16666666666666666
708,285201767,01 Jan 18,Ballarat,390m,Grade 5,3.0,1176810001,8,8.56,0.19,22.40,32.0,3.49,0.3333333333333333
504,193436618,01 Feb 17,Ballarat,450m,Mixed 4/5,6.0,563440004,8,7.01,0.52,25.78,33.9,10.41,0.16666666666666666
32,422625071,01 Apr 19,Ballarat,450m,Grade 7 Aged Prize Money,2.0,177418631,8,6.69,0.00,25.81,34.6,1.73,0.5
704,285201766,01 Jan 18,Ballarat,390m,Mixed 4/5,7.0,109032188,8,8.44,0.23,22.50,34.0,5.13,0.14285714285714285
345,386961891,01 Dec 18,Ballarat,450m,S/E Heat,1.0,1745570002,8,6.70,0.12,25.41,34.3,1.24,1.0
280,386961888,01 Dec 18,Ballarat,450m,Restricted Win,5.0,149399707,8,6.90,0.25,26.23,26.9,5.34,0.2
202,345438522,01 Aug 18,Ballarat,660m,Restricted Win,4.0,1407220003,8,13.06,0.28,38.80,25.9,12.10,0.25
146,139100149,01 Aug 16,Ballarat,450m,Grade 5 T3,3.0,-749552,8,6.79,0.00,26.04,32.4,1.97,0.3333333333333333
333,386961893,01 Dec 18,Ballarat,450m,S/E Heat,3.0,119979984,8,6.73,0.22,25.75,24.5,8.50,0.3333333333333333
312,386961894,01 Dec 18,Ballarat,450m,S/E Heat,5.0,139788539,8,7.00,0.51,25.73,33.6,11.10,0.2
695,285201768,01 Jan 18,Ballarat,390m,Grade 5,6.0,1873790016,8,8.68,0.34,22.85,28.5,10.00,0.16666666666666666
198,345438530,01 Aug 18,Ballarat,450m,Mixed 6/7,8.0,172647616,8,6.95,0.38,26.14,26.9,6.66,0.125
12,422625072,01 Apr 19,Ballarat,450m,Maiden Aged Prize Money,5.0,138443851,8,6.94,0.21,26.47,34.8,11.26,0.2
151,139100151,01 Aug 16,Ballarat,450m,Tier 3 - Grade 7,1.0,417160037,8,6.79,0.00,25.98,29.6,1.23,1.0
388,1978170004,01 Feb 16,Ballarat,390m,Tier 3 - Maiden,6.0,612290031,8,8.98,0.58,23.28,25.1,9.17,0.16666666666666666
132,139100153,01 Aug 16,Ballarat,545m,Grade 5 T3,4.0,763790006,8,6.88,0.00,31.97,32.9,1.66,0.25
